{"chunk_definitions":[{"row":29,"row_count":1,"visible":true,"expansion_state":0,"options":{"engine":"r","label":"pressure","echo":false},"document_id":"84EA6948","chunk_id":"chqbao3zh1nax","chunk_label":"pressure"},{"row":36,"row_count":1,"visible":true,"expansion_state":0,"options":{"engine":"r","label":"unnamed-chunk-2"},"document_id":"84EA6948","chunk_id":"c6jcph1brxno2","chunk_label":"unnamed-chunk-1"},{"row":44,"row_count":1,"visible":true,"expansion_state":0,"options":{"engine":"r","label":"unnamed-chunk-5"},"document_id":"84EA6948","chunk_id":"c7fiudvi4onif","chunk_label":"unnamed-chunk-2"},{"row":53,"row_count":1,"visible":true,"expansion_state":0,"options":{"engine":"r","label":"unnamed-chunk-9"},"document_id":"84EA6948","chunk_id":"c47tvl1dvd9p2","chunk_label":"unnamed-chunk-3"},{"row":79,"row_count":1,"visible":true,"expansion_state":0,"options":{"engine":"r","label":"unnamed-chunk-10"},"document_id":"84EA6948","chunk_id":"ca6ywqre7a075","chunk_label":"unnamed-chunk-5"}],"doc_write_time":1576757647}