"Survey";"Year";"Haul";"Month";"Stratum";"SweptSurface";"Lat";"Long";"Depth"
"MEDITS-GSA18";1994;75;6;2;0.045;40.22358;18.53258;93
"MEDITS-GSA18";1994;76;6;2;0.044;40.31842;18.43508;86
"MEDITS-GSA18";1994;77;6;4;0.093;40.37383;18.621;344
"MEDITS-GSA18";1994;78;6;5;0.093;40.34075;18.63775;557
"MEDITS-GSA18";1994;79;6;3;0.046;40.39017;18.60033;197
"MEDITS-GSA18";1994;80;6;1;0.041;41.10967;16.99208;44
"MEDITS-GSA18";1994;81;6;3;0.046;40.41367;18.60342;194
"MEDITS-GSA18";1994;82;6;4;0.093;40.5675;18.593;327
"MEDITS-GSA18";1994;83;6;3;0.045;40.648;18.40158;125
"MEDITS-GSA18";1994;84;6;3;0.045;40.61258;18.49142;132
"MEDITS-GSA18";1994;85;6;4;0.093;40.64583;18.59108;314
"MEDITS-GSA18";1994;86;6;5;0.093;40.67542;18.65092;578
"MEDITS-GSA18";1994;87;6;5;0.093;40.56275;18.63183;625.5
"MEDITS-GSA18";1994;88;6;2;0.044;40.5765;18.24442;78
"MEDITS-GSA18";1994;89;6;3;0.043;40.65508;18.326;125
"MEDITS-GSA18";1994;90;6;3;0.045;40.663;18.39633;107
"MEDITS-GSA18";1994;91;6;5;0.093;40.73042;18.5915;594
"MEDITS-GSA18";1994;92;6;4;0.093;40.70017;18.52742;248
"MEDITS-GSA18";1994;93;6;3;0.045;40.72808;18.3455;135
"MEDITS-GSA18";1994;94;6;4;0.09;40.758;18.37433;397
"MEDITS-GSA18";1994;95;6;3;0.045;40.7335;18.285;132
"MEDITS-GSA18";1994;96;6;4;0.09;40.80158;18.29283;363
"MEDITS-GSA18";1994;97;6;3;0.045;40.81233;17.94967;116
"MEDITS-GSA18";1994;98;6;5;0.09;40.8165;18.33492;560
"MEDITS-GSA18";1994;99;6;1;0.042;41.117;16.99533;45
"MEDITS-GSA18";1994;100;6;1;0.041;41.20525;16.71967;41
"MEDITS-GSA18";1994;101;6;2;0.044;40.88742;17.52283;74
"MEDITS-GSA18";1994;102;6;3;0.045;41.12633;17.20017;116
"MEDITS-GSA18";1994;103;6;3;0.045;41.14625;17.12942;119
"MEDITS-GSA18";1994;104;6;2;0.044;41.13242;17.04325;81.5
"MEDITS-GSA18";1994;105;6;2;0.042;41.19258;16.80442;58
"MEDITS-GSA18";1994;106;6;3;0.044;41.23108;16.93117;114.5
"MEDITS-GSA18";1994;107;6;3;0.045;41.229;17.10808;137.5
"MEDITS-GSA18";1994;108;7;3;0.09;41.31692;16.77275;104.5
"MEDITS-GSA18";1994;109;7;1;0.041;41.24575;16.62242;36.5
"MEDITS-GSA18";1994;110;7;3;0.045;41.45167;17.00283;149
"MEDITS-GSA18";1994;111;7;3;0.045;41.43525;16.83375;116
"MEDITS-GSA18";1994;112;7;2;0.042;41.29983;16.58042;61
"MEDITS-GSA18";1994;113;7;3;0.046;41.46592;16.817;116
"MEDITS-GSA18";1994;114;7;2;0.042;41.34683;16.54108;61
"MEDITS-GSA18";1994;115;7;1;0.039;41.32692;16.44625;28
"MEDITS-GSA18";1994;116;7;5;0.093;41.55483;17.17683;594
"MEDITS-GSA18";1994;117;7;1;0.042;41.81775;16.34858;45
"MEDITS-GSA18";1994;118;7;1;0.039;41.78883;16.34017;36
"MEDITS-GSA18";1994;119;7;1;0.039;41.71267;16.278;20.5
"MEDITS-GSA18";1994;120;7;1;0.039;41.687;16.21567;15
"MEDITS-GSA18";1994;121;7;1;0.039;41.65525;16.20367;15.5
"MEDITS-GSA18";1994;122;7;1;0.039;41.736;16.35125;37
"MEDITS-GSA18";1994;123;7;1;0.034;41.61717;16.34392;32
"MEDITS-GSA18";1994;124;7;1;0.036;41.58033;16.39642;41
"MEDITS-GSA18";1994;125;7;1;0.042;41.52508;16.39117;45
"MEDITS-GSA18";1994;126;7;2;0.043;41.7605;16.48017;78
"MEDITS-GSA18";1994;127;7;2;0.043;41.67625;16.50725;78
"MEDITS-GSA18";1994;128;7;2;0.043;41.6495;16.54483;83
"MEDITS-GSA18";1994;129;7;2;0.042;41.6215;16.40042;58
"MEDITS-GSA18";1994;130;7;2;0.043;41.54458;16.52992;74
"MEDITS-GSA18";1994;131;7;2;0.043;41.46708;16.57767;83
"MEDITS-GSA18";1994;132;7;3;0.045;41.93108;16.56708;116
"MEDITS-GSA18";1994;133;7;3;0.046;41.90167;16.69025;149
"MEDITS-GSA18";1994;134;7;3;0.046;41.86092;16.7085;149
"MEDITS-GSA18";1994;135;7;3;0.045;41.6995;16.70117;106
"MEDITS-GSA18";1994;136;7;3;0.044;41.60275;16.80942;116
"MEDITS-GSA18";1994;137;7;3;0.045;41.57033;16.95892;165
"MEDITS-GSA18";1994;138;7;3;0.044;41.56492;16.67683;102
"MEDITS-GSA18";1994;139;7;4;0.092;41.93175;16.81442;231
"MEDITS-GSA18";1994;140;7;4;0.092;41.87633;16.86792;272
"MEDITS-GSA18";1994;141;7;4;0.092;41.793;16.8775;239
"MEDITS-GSA18";1994;142;7;4;0.092;41.56692;17.01217;231
"MEDITS-GSA18";1994;143;7;5;0.093;42.0195;17.013;602
"MEDITS-GSA18";1994;144;7;5;0.093;42.08375;17.00892;602
"MEDITS-GSA18";1994;145;7;5;0.031;41.65525;17.09108;578
"MEDITS-GSA18";1994;146;7;5;0.093;41.63442;17.1055;569
"MEDITS-GSA18";1995;75;6;2;0.048;40.23492;18.52867;91.5
"MEDITS-GSA18";1995;76;6;2;0.046;40.31908;18.43783;88.5
"MEDITS-GSA18";1995;77;6;4;0.104;40.34158;18.61742;371.5
"MEDITS-GSA18";1995;78;6;5;0.102;40.37858;18.63967;552.5
"MEDITS-GSA18";1995;79;6;3;0.049;40.39133;18.599;186.5
"MEDITS-GSA18";1995;80;6;1;0.043;41.11942;16.98417;37.5
"MEDITS-GSA18";1995;81;6;3;0.049;40.42375;18.59783;187.5
"MEDITS-GSA18";1995;82;6;4;0.1;40.59058;18.5755;313.5
"MEDITS-GSA18";1995;83;6;3;0.048;40.67008;18.42667;116
"MEDITS-GSA18";1995;84;6;3;0.048;40.62092;18.48125;122
"MEDITS-GSA18";1995;85;6;4;0.101;40.66225;18.569;492.5
"MEDITS-GSA18";1995;86;6;5;0.105;40.69092;18.58883;643.5
"MEDITS-GSA18";1995;87;6;5;0.105;40.57025;18.63067;561.5
"MEDITS-GSA18";1995;88;6;2;0.047;40.56117;18.25392;81.5
"MEDITS-GSA18";1995;89;6;3;0.045;40.66783;18.32308;118
"MEDITS-GSA18";1995;90;6;3;0.048;40.65392;18.41417;120
"MEDITS-GSA18";1995;91;6;5;0.102;40.72342;18.58642;660
"MEDITS-GSA18";1995;92;6;4;0.101;40.66933;18.52958;371.5
"MEDITS-GSA18";1995;93;6;3;0.051;40.72675;18.34417;149.5
"MEDITS-GSA18";1995;94;6;4;0.101;40.73833;18.39158;330
"MEDITS-GSA18";1995;95;6;3;0.051;40.72858;18.26458;116
"MEDITS-GSA18";1995;96;6;4;0.081;40.80033;18.2865;373
"MEDITS-GSA18";1995;97;6;3;0.045;40.80675;17.95567;109
"MEDITS-GSA18";1995;98;6;5;0.102;40.81917;18.32492;628.5
"MEDITS-GSA18";1995;99;6;1;0.046;41.1215;16.98758;43
"MEDITS-GSA18";1995;100;7;1;0.043;41.21283;16.71167;45.5
"MEDITS-GSA18";1995;101;6;2;0.046;40.88158;17.54;64.5
"MEDITS-GSA18";1995;102;6;3;0.051;41.1245;17.19592;112.5
"MEDITS-GSA18";1995;103;6;3;0.051;41.14942;17.12633;114.5
"MEDITS-GSA18";1995;104;6;2;0.048;41.13517;17.03875;84
"MEDITS-GSA18";1995;105;6;1;0.043;41.19175;16.78858;50
"MEDITS-GSA18";1995;106;6;3;0.048;41.233;16.92917;111.5
"MEDITS-GSA18";1995;107;6;3;0.049;41.22117;17.11292;131
"MEDITS-GSA18";1995;108;6;2;0.048;41.31925;16.78533;99
"MEDITS-GSA18";1995;109;7;1;0.046;41.24167;16.63075;39
"MEDITS-GSA18";1995;110;7;3;0.032;41.43867;16.97667;132
"MEDITS-GSA18";1995;111;7;3;0.049;41.42425;16.83917;113.5
"MEDITS-GSA18";1995;112;7;2;0.044;41.29408;16.59567;51.5
"MEDITS-GSA18";1995;113;7;3;0.048;41.46233;16.81292;111.5
"MEDITS-GSA18";1995;114;7;2;0.044;41.33917;16.53783;52
"MEDITS-GSA18";1995;115;7;1;0.043;41.3355;16.44658;28
"MEDITS-GSA18";1995;116;7;5;0.102;41.58217;17.16958;561
"MEDITS-GSA18";1995;117;7;1;0.044;41.80833;16.37458;47
"MEDITS-GSA18";1995;118;7;1;0.044;41.7165;16.38667;47
"MEDITS-GSA18";1995;119;7;1;0.043;41.70067;16.31925;31
"MEDITS-GSA18";1995;120;7;1;0.041;41.70108;16.26892;17.5
"MEDITS-GSA18";1995;121;7;1;0.041;41.68867;16.22867;15
"MEDITS-GSA18";1995;122;7;1;0.043;41.68217;16.37467;43
"MEDITS-GSA18";1995;123;7;1;0.043;41.57758;16.36033;38
"MEDITS-GSA18";1995;124;7;1;0.044;41.59425;16.39925;47.5
"MEDITS-GSA18";1995;125;7;1;0.044;41.52908;16.39167;44.5
"MEDITS-GSA18";1995;126;7;2;0.046;41.73725;16.47425;76.5
"MEDITS-GSA18";1995;127;7;2;0.047;41.63633;16.52792;82
"MEDITS-GSA18";1995;128;7;2;0.047;41.608;16.54442;83
"MEDITS-GSA18";1995;129;7;2;0.044;41.61025;16.40525;55.5
"MEDITS-GSA18";1995;130;7;2;0.046;41.539;16.52583;76
"MEDITS-GSA18";1995;131;7;2;0.047;41.48217;16.55392;77
"MEDITS-GSA18";1995;132;7;3;0.048;41.92025;16.59;114
"MEDITS-GSA18";1995;133;7;3;0.049;41.90358;16.683;137.5
"MEDITS-GSA18";1995;134;7;3;0.048;41.87542;16.69575;136.5
"MEDITS-GSA18";1995;135;7;3;0.048;41.69983;16.67683;107.5
"MEDITS-GSA18";1995;136;7;3;0.051;41.5865;16.81817;121.5
"MEDITS-GSA18";1995;137;7;3;0.049;41.57467;16.93458;152.5
"MEDITS-GSA18";1995;138;7;3;0.048;41.58258;16.6765;101
"MEDITS-GSA18";1995;139;7;4;0.099;41.92283;16.82017;223.5
"MEDITS-GSA18";1995;140;7;4;0.104;41.88283;16.8625;255
"MEDITS-GSA18";1995;141;7;4;0.099;41.80875;16.87517;234
"MEDITS-GSA18";1995;142;7;4;0.099;41.57208;17.02983;297
"MEDITS-GSA18";1995;143;7;5;0.105;42.02075;17.0085;592
"MEDITS-GSA18";1995;144;7;5;0.108;42.05367;17.0065;575
"MEDITS-GSA18";1995;145;7;5;0.102;41.61025;17.13742;553
"MEDITS-GSA18";1995;146;7;5;0.102;41.62042;17.13825;553
"MEDITS-GSA18";1996;75;6;2;0.044;40.22692;18.52867;90.5
"MEDITS-GSA18";1996;76;6;2;0.047;40.32442;18.43708;90
"MEDITS-GSA18";1996;77;6;4;0.099;40.35983;18.61917;407.5
"MEDITS-GSA18";1996;78;6;5;0.096;40.40625;18.632;510
"MEDITS-GSA18";1996;79;6;4;0.052;40.40467;18.60133;237.5
"MEDITS-GSA18";1996;80;7;1;0.049;41.11833;16.9885;40.5
"MEDITS-GSA18";1996;81;6;3;0.048;40.65333;18.51633;179
"MEDITS-GSA18";1996;82;6;4;0.091;40.65217;18.53125;282
"MEDITS-GSA18";1996;83;6;3;0.052;40.64925;18.4245;122.5
"MEDITS-GSA18";1996;84;6;3;0.049;40.60975;18.48958;122
"MEDITS-GSA18";1996;85;6;4;0.091;40.65467;18.56725;473
"MEDITS-GSA18";1996;86;6;5;0.103;40.65758;18.59975;565
"MEDITS-GSA18";1996;87;6;5;0.094;40.67175;18.60675;510
"MEDITS-GSA18";1996;88;6;2;0.046;40.55717;18.26267;86.5
"MEDITS-GSA18";1996;89;6;3;0.052;40.66917;18.38525;119.5
"MEDITS-GSA18";1996;90;6;3;0.04;40.66317;18.41858;124
"MEDITS-GSA18";1996;91;6;5;0.097;40.70792;18.54067;511
"MEDITS-GSA18";1996;92;6;4;0.095;40.65617;18.532;312
"MEDITS-GSA18";1996;93;7;3;0.049;40.70025;18.32425;121.5
"MEDITS-GSA18";1996;94;6;4;0.094;40.72825;18.44683;392.5
"MEDITS-GSA18";1996;95;7;3;0.046;40.7185;18.28608;122.5
"MEDITS-GSA18";1996;96;6;4;0.09;40.78342;18.30625;392.5
"MEDITS-GSA18";1996;97;7;3;0.049;40.806;17.95192;107.5
"MEDITS-GSA18";1996;98;6;5;0.09;40.76233;18.39117;547.5
"MEDITS-GSA18";1996;99;7;1;0.049;41.1195;16.99183;44
"MEDITS-GSA18";1996;100;7;1;0.048;41.21392;16.7105;45.5
"MEDITS-GSA18";1996;101;7;2;0.047;40.87742;17.5405;60
"MEDITS-GSA18";1996;102;7;3;0.05;41.12933;17.1945;115.5
"MEDITS-GSA18";1996;103;7;3;0.051;41.149;17.15283;113.5
"MEDITS-GSA18";1996;104;7;2;0.043;41.13525;17.03808;84.5
"MEDITS-GSA18";1996;105;7;1;0.052;41.191;16.775;48.5
"MEDITS-GSA18";1996;106;7;3;0.051;41.21908;16.94233;107.5
"MEDITS-GSA18";1996;107;7;3;0.051;41.18808;17.09808;120
"MEDITS-GSA18";1996;108;7;2;0.048;41.45558;16.56083;80.5
"MEDITS-GSA18";1996;109;7;1;0.052;41.25342;16.62117;42
"MEDITS-GSA18";1996;110;7;3;0.05;41.45942;16.85292;127.5
"MEDITS-GSA18";1996;111;7;3;0.047;41.42733;16.85017;113
"MEDITS-GSA18";1996;112;7;2;0.054;41.2935;16.59708;52
"MEDITS-GSA18";1996;113;7;3;0.049;41.46042;16.871;120.5
"MEDITS-GSA18";1996;114;7;2;0.05;41.331;16.541;51.5
"MEDITS-GSA18";1996;115;7;1;0.042;41.28767;16.56858;44
"MEDITS-GSA18";1996;116;7;5;0.101;41.58375;17.16908;543.5
"MEDITS-GSA18";1996;117;7;1;0.043;41.79733;16.36933;48.5
"MEDITS-GSA18";1996;118;7;1;0.045;41.721;16.38183;46
"MEDITS-GSA18";1996;119;7;1;0.044;41.70775;16.33183;30.5
"MEDITS-GSA18";1996;120;7;1;0.042;41.66883;16.32192;28.5
"MEDITS-GSA18";1996;121;7;1;0.044;41.67842;16.26725;16
"MEDITS-GSA18";1996;122;7;1;0.044;41.64317;16.38275;43.5
"MEDITS-GSA18";1996;123;7;1;0.044;41.59158;16.36625;39.5
"MEDITS-GSA18";1996;124;7;1;0.046;41.60675;16.39842;47
"MEDITS-GSA18";1996;125;7;1;0.046;41.5215;16.393;45
"MEDITS-GSA18";1996;126;7;2;0.047;41.73158;16.45908;73.5
"MEDITS-GSA18";1996;127;7;2;0.048;41.61283;16.48267;71.5
"MEDITS-GSA18";1996;128;7;2;0.046;41.57633;16.50033;73.5
"MEDITS-GSA18";1996;129;7;2;0.044;41.60917;16.414;54
"MEDITS-GSA18";1996;130;7;2;0.047;41.53842;16.53742;77.5
"MEDITS-GSA18";1996;131;7;2;0.048;41.49267;16.54742;77
"MEDITS-GSA18";1996;132;7;3;0.049;41.91325;16.5995;115.5
"MEDITS-GSA18";1996;133;7;3;0.047;41.89408;16.664;131.5
"MEDITS-GSA18";1996;134;7;3;0.043;41.87392;16.68375;132
"MEDITS-GSA18";1996;135;7;3;0.047;41.506;16.84267;119
"MEDITS-GSA18";1996;136;7;3;0.048;41.493;16.85408;121.5
"MEDITS-GSA18";1996;137;7;3;0.049;41.49017;16.85042;129.5
"MEDITS-GSA18";1996;138;7;3;0.049;41.47267;16.83983;171.5
"MEDITS-GSA18";1996;139;7;4;0.07;41.92175;16.81983;222
"MEDITS-GSA18";1996;140;7;4;0.091;41.87425;16.854;239
"MEDITS-GSA18";1996;141;7;4;0.09;41.83492;16.86325;233.5
"MEDITS-GSA18";1996;142;7;4;0.058;41.54842;17.04942;366
"MEDITS-GSA18";1996;143;7;5;0.089;42.02683;16.99883;541
"MEDITS-GSA18";1996;144;7;5;0.097;42.05742;16.999;536.5
"MEDITS-GSA18";1996;145;7;5;0.092;41.62683;17.14225;537.5
"MEDITS-GSA18";1996;146;7;5;0.091;41.63242;17.11017;540
"MEDITS-GSA18";1997;75;6;2;0.046;40.22817;18.52783;90.5
"MEDITS-GSA18";1997;76;6;2;0.046;40.33492;18.43133;90.5
"MEDITS-GSA18";1997;77;6;4;0.09;40.36042;18.6185;406.5
"MEDITS-GSA18";1997;78;6;5;0.09;40.40533;18.634;503.5
"MEDITS-GSA18";1997;79;6;3;0.043;40.43267;18.58292;120.5
"MEDITS-GSA18";1997;80;7;1;0.041;41.12125;16.97975;42
"MEDITS-GSA18";1997;81;6;3;0.044;40.6435;18.52467;181
"MEDITS-GSA18";1997;82;6;4;0.09;40.65358;18.52867;281
"MEDITS-GSA18";1997;83;6;3;0.045;40.65033;18.42258;122.5
"MEDITS-GSA18";1997;84;6;3;0.046;40.60858;18.4875;120.5
"MEDITS-GSA18";1997;85;7;4;0.09;40.64667;18.57733;470.5
"MEDITS-GSA18";1997;86;7;5;0.09;40.65542;18.58658;530
"MEDITS-GSA18";1997;87;7;5;0.09;40.6425;18.59175;529.5
"MEDITS-GSA18";1997;88;6;2;0.045;40.58583;18.24417;87.5
"MEDITS-GSA18";1997;89;7;3;0.045;40.67;18.39158;123
"MEDITS-GSA18";1997;90;7;3;0.044;40.66417;18.41183;123.5
"MEDITS-GSA18";1997;91;7;5;0.09;40.70675;18.53342;509
"MEDITS-GSA18";1997;92;7;4;0.09;40.6575;18.53342;318
"MEDITS-GSA18";1997;93;7;3;0.043;40.69783;18.31783;121.5
"MEDITS-GSA18";1997;94;7;4;0.09;40.71658;18.46392;299.5
"MEDITS-GSA18";1997;95;7;3;0.046;40.70975;18.288;121.5
"MEDITS-GSA18";1997;96;7;4;0.09;40.774;18.318;363.5
"MEDITS-GSA18";1997;97;7;3;0.049;40.80558;17.94775;108.5
"MEDITS-GSA18";1997;98;7;5;0.09;40.75442;18.40567;534
"MEDITS-GSA18";1997;99;7;1;0.042;41.12225;16.98733;48
"MEDITS-GSA18";1997;100;7;1;0.044;41.20517;16.72625;45
"MEDITS-GSA18";1997;101;7;2;0.045;40.87317;17.5515;63.5
"MEDITS-GSA18";1997;102;7;3;0.043;41.11875;17.19983;115
"MEDITS-GSA18";1997;103;7;3;0.043;41.14125;17.17025;114.5
"MEDITS-GSA18";1997;104;7;2;0.044;41.13467;17.04175;86
"MEDITS-GSA18";1997;105;7;2;0.048;41.19358;16.78425;53
"MEDITS-GSA18";1997;106;7;3;0.046;41.21683;16.94483;109
"MEDITS-GSA18";1997;107;7;3;0.046;41.18408;17.09992;120.5
"MEDITS-GSA18";1997;108;7;2;0.046;41.46433;16.55508;77
"MEDITS-GSA18";1997;109;7;1;0.043;41.25067;16.6215;41
"MEDITS-GSA18";1997;110;7;3;0.046;41.43742;16.84183;112
"MEDITS-GSA18";1997;111;7;3;0.046;41.424;16.84692;112.5
"MEDITS-GSA18";1997;112;7;2;0.041;41.29975;16.58567;52.5
"MEDITS-GSA18";1997;113;7;3;0.046;41.45667;16.86533;118.5
"MEDITS-GSA18";1997;114;7;2;0.044;41.32892;16.54717;52
"MEDITS-GSA18";1997;115;7;1;0.041;41.29033;16.56783;44.5
"MEDITS-GSA18";1997;116;7;5;0.073;41.5865;17.15942;542.5
"MEDITS-GSA18";1997;117;7;1;0.042;41.79017;16.37125;48
"MEDITS-GSA18";1997;118;7;1;0.041;41.7235;16.38308;46.5
"MEDITS-GSA18";1997;119;7;1;0.04;41.70642;16.33833;31.5
"MEDITS-GSA18";1997;120;7;1;0.046;41.6675;16.32417;28.5
"MEDITS-GSA18";1997;121;7;1;0.039;41.67608;16.27167;17
"MEDITS-GSA18";1997;122;7;1;0.047;41.63692;16.38292;44
"MEDITS-GSA18";1997;123;7;1;0.047;41.589;16.36817;40.5
"MEDITS-GSA18";1997;124;7;1;0.045;41.60058;16.397;47.5
"MEDITS-GSA18";1997;125;7;1;0.044;41.5195;16.39283;45
"MEDITS-GSA18";1997;126;7;2;0.048;41.73242;16.46233;74
"MEDITS-GSA18";1997;127;7;2;0.043;41.60767;16.48533;72
"MEDITS-GSA18";1997;128;7;2;0.043;41.57367;16.5045;74
"MEDITS-GSA18";1997;129;7;2;0.042;41.60767;16.416;53
"MEDITS-GSA18";1997;130;7;2;0.043;41.5375;16.53608;77.5
"MEDITS-GSA18";1997;131;7;2;0.043;41.49233;16.54958;77.5
"MEDITS-GSA18";1997;132;7;3;0.045;41.92408;16.60867;119.5
"MEDITS-GSA18";1997;133;7;3;0.046;41.89133;16.66717;130.5
"MEDITS-GSA18";1997;134;7;3;0.043;41.87475;16.67775;131
"MEDITS-GSA18";1997;135;7;3;0.043;41.50733;16.84575;120.5
"MEDITS-GSA18";1997;136;7;3;0.043;41.5;16.85625;121.5
"MEDITS-GSA18";1997;137;7;3;0.043;41.49142;16.84833;119.5
"MEDITS-GSA18";1997;138;7;3;0.043;41.48258;16.83817;116
"MEDITS-GSA18";1997;139;7;4;0.069;41.91758;16.82375;222.5
"MEDITS-GSA18";1997;140;7;4;0.089;41.86308;16.85767;238
"MEDITS-GSA18";1997;141;7;4;0.096;41.83467;16.86342;233.5
"MEDITS-GSA18";1997;142;7;4;0.09;41.56042;17.07425;399
"MEDITS-GSA18";1997;143;7;5;0.09;42.02725;16.99658;535
"MEDITS-GSA18";1997;144;7;5;0.09;42.057;16.99833;542
"MEDITS-GSA18";1997;145;7;5;0.103;41.62342;17.13842;540
"MEDITS-GSA18";1997;146;7;5;0.09;41.62025;17.14392;540.5
"MEDITS-GSA18";1998;75;6;2;0.046;40.24233;18.5245;91
"MEDITS-GSA18";1998;76;6;2;0.046;40.34775;18.42492;92
"MEDITS-GSA18";1998;77;6;4;0.097;40.37942;18.6205;387.5
"MEDITS-GSA18";1998;78;6;5;0.097;40.42758;18.63325;525.5
"MEDITS-GSA18";1998;79;6;3;0.046;40.43417;18.53517;119
"MEDITS-GSA18";1998;80;6;1;0.044;41.12883;16.95925;37
"MEDITS-GSA18";1998;81;6;3;0.045;40.655;18.49017;145.5
"MEDITS-GSA18";1998;82;6;4;0.092;40.67267;18.5175;320
"MEDITS-GSA18";1998;83;6;3;0.045;40.67033;18.40075;120
"MEDITS-GSA18";1998;84;6;3;0.043;40.586;18.48517;114
"MEDITS-GSA18";1998;85;6;4;0.067;40.69592;18.52658;445
"MEDITS-GSA18";1998;86;6;5;0.093;40.66767;18.5775;533
"MEDITS-GSA18";1998;87;6;5;0.097;40.60283;18.61408;554.5
"MEDITS-GSA18";1998;88;6;2;0.044;40.57825;18.28142;91.5
"MEDITS-GSA18";1998;89;6;3;0.045;40.68375;18.38958;129.5
"MEDITS-GSA18";1998;90;6;3;0.049;40.65992;18.42142;120
"MEDITS-GSA18";1998;91;6;5;0.093;40.75383;18.48383;588
"MEDITS-GSA18";1998;92;6;4;0.099;40.65975;18.538;360
"MEDITS-GSA18";1998;93;6;3;0.046;40.69575;18.32525;117.5
"MEDITS-GSA18";1998;94;6;4;0.08;40.74208;18.40492;321.5
"MEDITS-GSA18";1998;95;6;3;0.046;40.70233;18.29425;119.5
"MEDITS-GSA18";1998;96;6;4;0.096;40.767;18.33817;355
"MEDITS-GSA18";1998;97;6;3;0.046;40.80683;17.96083;109
"MEDITS-GSA18";1998;98;6;5;0.064;40.77075;18.40108;552.5
"MEDITS-GSA18";1998;99;6;1;0.037;41.11758;17.00125;38.5
"MEDITS-GSA18";1998;100;6;1;0.044;41.206;16.72792;43
"MEDITS-GSA18";1998;101;6;2;0.043;40.86983;17.55358;61
"MEDITS-GSA18";1998;102;6;3;0.043;41.12183;17.20167;115
"MEDITS-GSA18";1998;103;6;3;0.061;41.15317;17.15533;115
"MEDITS-GSA18";1998;104;6;2;0.046;41.13492;17.04675;84.5
"MEDITS-GSA18";1998;105;6;2;0.044;41.19958;16.78808;53
"MEDITS-GSA18";1998;106;6;3;0.046;41.21417;16.94617;107
"MEDITS-GSA18";1998;107;6;3;0.048;41.17642;17.10542;118
"MEDITS-GSA18";1998;108;6;2;0.042;41.36092;16.574;66
"MEDITS-GSA18";1998;109;6;1;0.046;41.27508;16.59833;44
"MEDITS-GSA18";1998;110;6;3;0.048;41.44483;16.84133;112
"MEDITS-GSA18";1998;111;6;3;0.046;41.41558;16.845;111
"MEDITS-GSA18";1998;112;6;2;0.045;41.30992;16.58908;55
"MEDITS-GSA18";1998;113;6;3;0.048;41.48617;16.85975;121
"MEDITS-GSA18";1998;114;6;2;0.044;41.33758;16.54392;53
"MEDITS-GSA18";1998;115;6;1;0.046;41.29833;16.55208;41.5
"MEDITS-GSA18";1998;116;6;5;0.062;41.57958;17.15617;521.5
"MEDITS-GSA18";1998;117;6;1;0.044;41.79475;16.34917;42.5
"MEDITS-GSA18";1998;118;6;1;0.044;41.71217;16.37283;43
"MEDITS-GSA18";1998;119;6;1;0.043;41.698;16.33892;30.5
"MEDITS-GSA18";1998;120;6;1;0.043;41.65242;16.32683;30
"MEDITS-GSA18";1998;121;6;1;0.045;41.69342;16.3135;23
"MEDITS-GSA18";1998;122;6;1;0.037;41.63133;16.38492;44
"MEDITS-GSA18";1998;123;6;1;0.042;41.52592;16.386;43
"MEDITS-GSA18";1998;124;6;1;0.041;41.60308;16.39317;45.5
"MEDITS-GSA18";1998;125;6;1;0.044;41.44142;16.43008;46
"MEDITS-GSA18";1998;126;6;2;0.045;41.75442;16.42133;62
"MEDITS-GSA18";1998;127;6;2;0.045;41.5945;16.482;69.5
"MEDITS-GSA18";1998;128;6;2;0.045;41.56175;16.51208;74.5
"MEDITS-GSA18";1998;129;6;2;0.047;41.60642;16.41592;53
"MEDITS-GSA18";1998;130;6;2;0.045;41.53017;16.53267;77
"MEDITS-GSA18";1998;131;6;2;0.045;41.49183;16.54258;76
"MEDITS-GSA18";1998;132;6;3;0.046;41.91917;16.61517;118.5
"MEDITS-GSA18";1998;133;6;3;0.046;41.89508;16.66008;129.5
"MEDITS-GSA18";1998;134;6;3;0.046;41.85192;16.67858;118
"MEDITS-GSA18";1998;135;6;3;0.046;41.55125;16.84133;123
"MEDITS-GSA18";1998;136;6;3;0.046;41.315;16.93183;112
"MEDITS-GSA18";1998;137;6;3;0.046;41.55033;16.80592;114
"MEDITS-GSA18";1998;138;6;3;0.046;41.26217;16.93392;112.5
"MEDITS-GSA18";1998;139;6;4;0.095;41.91392;16.83308;228.5
"MEDITS-GSA18";1998;140;6;4;0.068;41.88142;16.85158;233.5
"MEDITS-GSA18";1998;141;6;4;0.074;41.84008;16.86983;223.5
"MEDITS-GSA18";1998;142;6;4;0.097;41.56317;17.07225;413.5
"MEDITS-GSA18";1998;143;6;5;0.09;42.0275;16.99758;537
"MEDITS-GSA18";1998;144;6;5;0.093;42.07792;16.99383;508
"MEDITS-GSA18";1998;145;6;5;0.07;41.62008;17.12867;535
"MEDITS-GSA18";1998;146;6;5;0.078;41.61475;17.12842;536.5
"MEDITS-GSA18";1999;75;8;2;0.044;40.27967;18.49983;93
"MEDITS-GSA18";1999;76;8;2;0.044;40.332;18.43625;90
"MEDITS-GSA18";1999;77;8;4;0.075;40.39608;18.61992;386.5
"MEDITS-GSA18";1999;78;8;5;0.09;40.47825;18.63717;563
"MEDITS-GSA18";1999;79;8;3;0.043;40.40442;18.55608;120
"MEDITS-GSA18";1999;80;7;1;0.044;41.13008;16.95417;39
"MEDITS-GSA18";1999;81;8;3;0.045;40.70842;18.36467;138.5
"MEDITS-GSA18";1999;82;8;4;0.096;40.79717;18.24792;283.5
"MEDITS-GSA18";1999;83;8;3;0.045;40.68475;18.3625;121.5
"MEDITS-GSA18";1999;84;8;3;0.046;40.77325;18.19375;122
"MEDITS-GSA18";1999;85;8;4;0.093;40.82775;18.20133;370
"MEDITS-GSA18";1999;86;8;5;0.09;40.61925;18.60725;509.5
"MEDITS-GSA18";1999;87;8;5;0.093;40.57067;18.62967;563
"MEDITS-GSA18";1999;88;8;2;0.045;40.58558;18.28242;96.5
"MEDITS-GSA18";1999;89;8;3;0.046;40.69942;18.40067;132.5
"MEDITS-GSA18";1999;90;8;3;0.046;40.66642;18.40775;122.5
"MEDITS-GSA18";1999;91;8;5;0.097;40.77183;18.42108;572.5
"MEDITS-GSA18";1999;92;8;4;0.086;40.80833;18.27558;407
"MEDITS-GSA18";1999;93;8;3;0.045;40.70058;18.31925;121.5
"MEDITS-GSA18";1999;94;8;4;0.093;40.73258;18.40025;317.5
"MEDITS-GSA18";1999;95;8;3;0.043;40.70492;18.27833;120
"MEDITS-GSA18";1999;96;8;4;0.08;40.76267;18.32825;305
"MEDITS-GSA18";1999;97;8;3;0.046;40.80075;17.95642;108
"MEDITS-GSA18";1999;98;8;5;0.09;40.78358;18.36517;552.5
"MEDITS-GSA18";1999;99;7;1;0.044;41.1195;17.01;38
"MEDITS-GSA18";1999;100;7;1;0.045;41.197;16.72325;34.5
"MEDITS-GSA18";1999;101;8;2;0.045;40.87733;17.5505;63.5
"MEDITS-GSA18";1999;102;8;3;0.048;41.119;17.19392;113.5
"MEDITS-GSA18";1999;103;8;3;0.046;41.15175;17.15333;115
"MEDITS-GSA18";1999;104;8;2;0.046;41.13283;17.06492;96
"MEDITS-GSA18";1999;105;7;2;0.044;41.19817;16.794;58
"MEDITS-GSA18";1999;106;7;3;0.046;41.21317;16.94683;107
"MEDITS-GSA18";1999;107;8;3;0.049;41.1715;17.10508;115
"MEDITS-GSA18";1999;108;7;2;0.042;41.36942;16.55167;63.5
"MEDITS-GSA18";1999;109;7;1;0.042;41.27467;16.55633;28.5
"MEDITS-GSA18";1999;110;7;3;0.043;41.45583;16.83575;111.5
"MEDITS-GSA18";1999;111;7;3;0.045;41.42667;16.83658;110
"MEDITS-GSA18";1999;112;7;2;0.043;41.32575;16.57858;58.5
"MEDITS-GSA18";1999;113;7;3;0.043;41.484;16.84875;118
"MEDITS-GSA18";1999;114;7;2;0.044;41.34017;16.52842;56.5
"MEDITS-GSA18";1999;115;7;1;0.043;41.28183;16.57667;42.5
"MEDITS-GSA18";1999;116;8;5;0.093;41.58617;17.1395;521.5
"MEDITS-GSA18";1999;117;7;1;0.042;41.778;16.37025;45.5
"MEDITS-GSA18";1999;118;7;1;0.042;41.73092;16.37583;45
"MEDITS-GSA18";1999;119;7;2;0.043;41.336;16.52842;56.5
"MEDITS-GSA18";1999;120;8;1;0.043;41.684;16.29858;21
"MEDITS-GSA18";1999;121;7;1;0.042;41.69617;16.296;24
"MEDITS-GSA18";1999;122;7;1;0.044;41.67375;16.33525;35.5
"MEDITS-GSA18";1999;123;7;1;0.044;41.53042;16.38575;43.5
"MEDITS-GSA18";1999;124;8;1;0.044;41.6455;16.38125;40
"MEDITS-GSA18";1999;125;7;1;0.044;41.40017;16.44708;45
"MEDITS-GSA18";1999;126;7;2;0.043;41.7075;16.45233;68.5
"MEDITS-GSA18";1999;127;7;2;0.042;41.62108;16.47533;70
"MEDITS-GSA18";1999;128;7;2;0.044;41.571;16.49867;71.5
"MEDITS-GSA18";1999;129;8;1;0.044;41.612;16.39367;46.5
"MEDITS-GSA18";1999;130;7;2;0.045;41.52575;16.53825;77
"MEDITS-GSA18";1999;131;7;2;0.044;41.48508;16.55792;77
"MEDITS-GSA18";1999;132;8;3;0.046;41.9065;16.64533;125
"MEDITS-GSA18";1999;133;8;3;0.046;41.87317;16.68067;131
"MEDITS-GSA18";1999;134;8;3;0.045;41.83892;16.69258;116
"MEDITS-GSA18";1999;135;7;3;0.046;41.54642;16.8445;122.5
"MEDITS-GSA18";1999;136;7;3;0.046;41.30742;16.933;113.5
"MEDITS-GSA18";1999;137;7;3;0.046;41.54958;16.80975;115.5
"MEDITS-GSA18";1999;138;7;3;0.045;41.257;16.93133;110
"MEDITS-GSA18";1999;139;8;4;0.095;41.91167;16.83583;231
"MEDITS-GSA18";1999;140;8;4;0.063;41.881;16.8455;224
"MEDITS-GSA18";1999;141;8;4;0.092;41.841;16.86467;239
"MEDITS-GSA18";1999;142;8;4;0.093;41.54492;17.08467;398
"MEDITS-GSA18";1999;143;8;5;0.093;42.06792;16.99725;539
"MEDITS-GSA18";1999;144;8;5;0.075;42.113;17.00167;587.5
"MEDITS-GSA18";1999;145;8;5;0.086;41.59417;17.14992;526
"MEDITS-GSA18";1999;146;8;5;0.093;41.60767;17.13183;527
"MEDITS-GSA18";2000;75;6;2;0.046;40.2405;18.52483;92.5
"MEDITS-GSA18";2000;76;6;2;0.046;40.34683;18.42733;91
"MEDITS-GSA18";2000;77;6;4;0.09;40.38475;18.61692;358.5
"MEDITS-GSA18";2000;78;6;5;0.09;40.4455;18.63492;520
"MEDITS-GSA18";2000;79;6;3;0.045;40.43175;18.54292;116.5
"MEDITS-GSA18";2000;80;6;1;0.042;41.12825;16.96192;40.5
"MEDITS-GSA18";2000;81;6;3;0.044;40.64517;18.49708;139.5
"MEDITS-GSA18";2000;82;6;4;0.089;40.66608;18.52183;317
"MEDITS-GSA18";2000;83;6;3;0.043;40.65767;18.40375;120
"MEDITS-GSA18";2000;84;6;3;0.046;40.58067;18.492;111.5
"MEDITS-GSA18";2000;85;6;4;0.093;40.68658;18.53792;442.5
"MEDITS-GSA18";2000;86;6;5;0.093;40.64383;18.5935;536.5
"MEDITS-GSA18";2000;87;6;5;0.087;40.585;18.61642;505
"MEDITS-GSA18";2000;88;6;2;0.044;40.58467;18.2845;93.5
"MEDITS-GSA18";2000;89;6;3;0.045;40.67825;18.39367;124
"MEDITS-GSA18";2000;90;6;3;0.045;40.65833;18.42933;123
"MEDITS-GSA18";2000;91;6;5;0.09;40.75167;18.46725;529.5
"MEDITS-GSA18";2000;92;6;4;0.096;40.67817;18.51408;308
"MEDITS-GSA18";2000;93;6;3;0.045;40.69483;18.33542;120.5
"MEDITS-GSA18";2000;94;6;4;0.09;40.73608;18.42558;415.5
"MEDITS-GSA18";2000;95;6;3;0.043;40.70092;18.30025;119
"MEDITS-GSA18";2000;96;6;4;0.096;40.76333;18.34258;346.5
"MEDITS-GSA18";2000;97;6;3;0.045;40.8055;17.96567;108.5
"MEDITS-GSA18";2000;98;6;5;0.09;40.77008;18.40217;558
"MEDITS-GSA18";2000;99;6;1;0.042;41.1155;17.01208;46.5
"MEDITS-GSA18";2000;100;6;1;0.041;41.20508;16.729;44
"MEDITS-GSA18";2000;101;6;2;0.042;40.87292;17.54892;60.5
"MEDITS-GSA18";2000;102;6;3;0.045;41.12425;17.201;114.5
"MEDITS-GSA18";2000;103;6;3;0.045;41.15342;17.15542;117
"MEDITS-GSA18";2000;104;6;2;0.047;41.133;17.05175;85.5
"MEDITS-GSA18";2000;105;6;2;0.042;41.197;16.7925;56.5
"MEDITS-GSA18";2000;106;6;3;0.043;41.21217;16.95142;106
"MEDITS-GSA18";2000;107;6;3;0.045;41.17542;17.10917;117.5
"MEDITS-GSA18";2000;108;6;2;0.044;41.36225;16.57642;67
"MEDITS-GSA18";2000;109;6;1;0.043;41.267;16.59758;41.5
"MEDITS-GSA18";2000;110;6;3;0.046;41.45517;16.84358;113.5
"MEDITS-GSA18";2000;111;6;3;0.051;41.41817;16.84808;111.5
"MEDITS-GSA18";2000;112;6;2;0.045;41.31275;16.59208;58
"MEDITS-GSA18";2000;113;6;3;0.046;41.48833;16.85567;119.5
"MEDITS-GSA18";2000;114;6;2;0.044;41.33825;16.54175;52.5
"MEDITS-GSA18";2000;115;6;1;0.043;41.29808;16.55125;41
"MEDITS-GSA18";2000;116;6;5;0.068;41.59542;17.14242;531
"MEDITS-GSA18";2000;117;6;1;0.047;41.79575;16.34875;39.5
"MEDITS-GSA18";2000;118;6;1;0.045;41.6785;16.37042;41.5
"MEDITS-GSA18";2000;119;6;1;0.046;41.71392;16.33542;31
"MEDITS-GSA18";2000;120;6;1;0.045;41.64942;16.3265;29.5
"MEDITS-GSA18";2000;121;6;1;0.047;41.69383;16.31567;25.5
"MEDITS-GSA18";2000;122;6;1;0.041;41.63475;16.38533;43.5
"MEDITS-GSA18";2000;123;6;1;0.044;41.52842;16.38642;44
"MEDITS-GSA18";2000;124;6;1;0.044;41.60425;16.39333;46
"MEDITS-GSA18";2000;125;6;1;0.045;41.44317;16.42808;47
"MEDITS-GSA18";2000;126;6;2;0.048;41.75992;16.42017;62.5
"MEDITS-GSA18";2000;127;5;2;0.045;41.5795;16.48592;70
"MEDITS-GSA18";2000;128;5;2;0.045;41.56758;16.50458;73
"MEDITS-GSA18";2000;129;6;2;0.044;41.61367;16.41625;52
"MEDITS-GSA18";2000;130;5;2;0.045;41.54633;16.52883;76.5
"MEDITS-GSA18";2000;131;5;2;0.047;41.482;16.54033;75.5
"MEDITS-GSA18";2000;132;6;3;0.043;41.92233;16.61192;118
"MEDITS-GSA18";2000;133;6;3;0.046;41.90008;16.65125;126.5
"MEDITS-GSA18";2000;134;6;3;0.048;41.85842;16.67625;118.5
"MEDITS-GSA18";2000;135;6;3;0.046;41.5315;16.84825;122.5
"MEDITS-GSA18";2000;136;6;3;0.043;41.30933;16.94383;111
"MEDITS-GSA18";2000;137;6;3;0.046;41.52417;16.81642;114
"MEDITS-GSA18";2000;138;6;3;0.043;41.257;16.93942;112
"MEDITS-GSA18";2000;139;5;4;0.079;41.93783;16.8125;221
"MEDITS-GSA18";2000;140;5;4;0.074;41.89667;16.84325;232
"MEDITS-GSA18";2000;141;5;4;0.067;41.84908;16.86283;235.5
"MEDITS-GSA18";2000;142;6;4;0.1;41.58292;17.06925;428
"MEDITS-GSA18";2000;143;5;5;0.093;42.02742;16.99592;530
"MEDITS-GSA18";2000;144;5;5;0.09;42.07667;16.99475;523
"MEDITS-GSA18";2000;145;6;5;0.081;41.5885;17.15308;545.5
"MEDITS-GSA18";2000;146;6;5;0.064;41.61233;17.1145;531.5
"MEDITS-GSA18";2001;75;6;2;0.044;40.23608;18.52592;90.5
"MEDITS-GSA18";2001;76;6;2;0.044;40.34267;18.42458;89.5
"MEDITS-GSA18";2001;77;6;4;0.09;40.38908;18.61608;337.5
"MEDITS-GSA18";2001;78;6;5;0.09;40.44617;18.63192;505
"MEDITS-GSA18";2001;79;6;3;0.043;40.43483;18.51992;116
"MEDITS-GSA18";2001;80;6;1;0.047;41.12975;16.959;41.5
"MEDITS-GSA18";2001;81;6;3;0.044;40.65192;18.49067;142
"MEDITS-GSA18";2001;82;6;4;0.096;40.68225;18.49775;292
"MEDITS-GSA18";2001;83;6;3;0.046;40.6615;18.393;119.5
"MEDITS-GSA18";2001;84;6;3;0.045;40.57625;18.4865;112
"MEDITS-GSA18";2001;85;6;4;0.09;40.68833;18.52925;409
"MEDITS-GSA18";2001;86;6;5;0.093;40.65517;18.59142;546
"MEDITS-GSA18";2001;87;6;5;0.09;40.59308;18.62075;562
"MEDITS-GSA18";2001;88;6;2;0.045;40.574;18.28292;92
"MEDITS-GSA18";2001;89;6;3;0.045;40.6825;18.36783;121
"MEDITS-GSA18";2001;90;6;3;0.045;40.66275;18.362;117.5
"MEDITS-GSA18";2001;91;6;5;0.093;40.73875;18.50175;548.5
"MEDITS-GSA18";2001;92;6;4;0.093;40.63275;18.5545;323
"MEDITS-GSA18";2001;93;6;3;0.045;40.70025;18.32908;122.5
"MEDITS-GSA18";2001;94;6;4;0.093;40.74225;18.41775;390.5
"MEDITS-GSA18";2001;95;6;3;0.046;40.71267;18.29058;123
"MEDITS-GSA18";2001;96;6;4;0.093;40.75842;18.34967;354.5
"MEDITS-GSA18";2001;97;6;3;0.046;40.80642;17.96675;109.5
"MEDITS-GSA18";2001;98;6;5;0.093;40.76408;18.43908;563.5
"MEDITS-GSA18";2001;99;6;1;0.045;41.11383;17.01017;43.5
"MEDITS-GSA18";2001;100;6;1;0.044;41.20975;16.71283;42.5
"MEDITS-GSA18";2001;101;6;2;0.043;40.86833;17.55167;58.5
"MEDITS-GSA18";2001;102;6;3;0.046;41.133;17.18992;113.5
"MEDITS-GSA18";2001;103;6;3;0.046;41.16733;17.13433;118.5
"MEDITS-GSA18";2001;104;6;2;0.044;41.13092;17.05142;83.5
"MEDITS-GSA18";2001;105;6;1;0.044;41.20883;16.77375;49
"MEDITS-GSA18";2001;106;6;3;0.046;41.20458;16.96425;109.5
"MEDITS-GSA18";2001;107;6;3;0.046;41.19633;17.02183;103.5
"MEDITS-GSA18";2001;108;6;2;0.044;41.36425;16.57583;67
"MEDITS-GSA18";2001;109;6;1;0.043;41.26175;16.5875;34
"MEDITS-GSA18";2001;110;6;3;0.045;41.37683;16.865;111
"MEDITS-GSA18";2001;111;6;3;0.043;41.33042;16.83917;106
"MEDITS-GSA18";2001;112;6;2;0.045;41.31767;16.5875;58
"MEDITS-GSA18";2001;113;6;3;0.044;41.46483;16.84617;114.5
"MEDITS-GSA18";2001;114;6;2;0.044;41.29992;16.59325;53
"MEDITS-GSA18";2001;115;6;1;0.043;41.2695;16.54292;29.5
"MEDITS-GSA18";2001;116;6;5;0.09;41.50842;17.14892;528.5
"MEDITS-GSA18";2001;117;6;1;0.041;41.78792;16.3635;49.5
"MEDITS-GSA18";2001;118;6;1;0.044;41.73125;16.38767;49
"MEDITS-GSA18";2001;119;6;1;0.042;41.70008;16.3445;34.5
"MEDITS-GSA18";2001;120;6;1;0.042;41.66608;16.324;28
"MEDITS-GSA18";2001;121;6;1;0.042;41.67008;16.31392;26
"MEDITS-GSA18";2001;122;6;1;0.034;41.62417;16.3205;29
"MEDITS-GSA18";2001;123;6;1;0.04;41.587;16.34233;35.5
"MEDITS-GSA18";2001;124;6;1;0.042;41.43408;16.41583;44
"MEDITS-GSA18";2001;125;6;1;0.042;41.40933;16.44992;47.5
"MEDITS-GSA18";2001;126;6;2;0.045;41.76033;16.39883;55.5
"MEDITS-GSA18";2001;127;6;2;0.045;41.57833;16.49467;71.5
"MEDITS-GSA18";2001;128;6;2;0.045;41.55467;16.51975;75
"MEDITS-GSA18";2001;129;6;2;0.044;41.59183;16.44092;58.5
"MEDITS-GSA18";2001;130;6;2;0.045;41.52542;16.55517;79.5
"MEDITS-GSA18";2001;131;6;2;0.045;41.48367;16.56358;78
"MEDITS-GSA18";2001;132;6;3;0.046;41.914;16.61925;119
"MEDITS-GSA18";2001;133;6;3;0.046;41.89517;16.65942;128
"MEDITS-GSA18";2001;134;6;3;0.046;41.86033;16.67817;120
"MEDITS-GSA18";2001;135;6;3;0.048;41.53133;16.83567;119.5
"MEDITS-GSA18";2001;136;6;3;0.043;41.3115;16.92317;112
"MEDITS-GSA18";2001;137;6;3;0.045;41.43167;16.87133;116
"MEDITS-GSA18";2001;138;6;3;0.048;41.26633;16.93242;112.5
"MEDITS-GSA18";2001;139;6;4;0.071;41.94883;16.80525;218.5
"MEDITS-GSA18";2001;140;6;4;0.071;41.90517;16.83617;226.5
"MEDITS-GSA18";2001;141;6;4;0.072;41.86483;16.85475;230
"MEDITS-GSA18";2001;142;6;4;0.093;41.58508;17.07;437.5
"MEDITS-GSA18";2001;143;6;5;0.097;42.01275;16.99325;519
"MEDITS-GSA18";2001;144;6;5;0.093;42.071;16.99125;519.5
"MEDITS-GSA18";2001;145;6;5;0.09;41.49867;17.15708;524.5
"MEDITS-GSA18";2001;146;6;5;0.09;41.54917;17.16167;530.5
"MEDITS-GSA18";2002;75;8;2;0.044;40.23342;18.52975;91
"MEDITS-GSA18";2002;76;8;2;0.044;40.31217;18.44525;85.5
"MEDITS-GSA18";2002;77;8;4;0.09;40.3905;18.61625;318.5
"MEDITS-GSA18";2002;78;8;5;0.093;40.44767;18.63425;520.5
"MEDITS-GSA18";2002;79;8;3;0.043;40.42842;18.54092;123.5
"MEDITS-GSA18";2002;80;7;1;0.042;41.13133;16.95292;41
"MEDITS-GSA18";2002;81;8;3;0.045;40.62992;18.49683;135.5
"MEDITS-GSA18";2002;83;8;3;0.045;40.65275;18.4415;126
"MEDITS-GSA18";2002;84;8;3;0.045;40.57533;18.49608;113
"MEDITS-GSA18";2002;85;8;4;0.09;40.67192;18.52833;375.5
"MEDITS-GSA18";2002;86;8;5;0.09;40.63392;18.596;553
"MEDITS-GSA18";2002;88;8;2;0.042;40.58383;18.28242;93
"MEDITS-GSA18";2002;89;8;3;0.043;40.67658;18.4;127
"MEDITS-GSA18";2002;90;8;3;0.043;40.648;18.40292;119
"MEDITS-GSA18";2002;93;7;3;0.045;40.67767;18.31775;119
"MEDITS-GSA18";2002;94;8;4;0.09;40.718;18.4715;333.5
"MEDITS-GSA18";2002;95;7;3;0.043;40.70058;18.30117;120
"MEDITS-GSA18";2002;96;8;4;0.09;40.735;18.40625;271
"MEDITS-GSA18";2002;97;7;3;0.045;40.794;17.99975;109.5
"MEDITS-GSA18";2002;98;8;5;0.09;40.77142;18.39917;565.5
"MEDITS-GSA18";2002;99;7;1;0.044;41.11042;17.004;48.5
"MEDITS-GSA18";2002;100;7;1;0.041;41.20275;16.73083;42
"MEDITS-GSA18";2002;101;7;2;0.043;40.86867;17.55292;59
"MEDITS-GSA18";2002;102;7;3;0.046;41.11458;17.23567;115.5
"MEDITS-GSA18";2002;103;7;3;0.045;41.14267;17.18158;115.5
"MEDITS-GSA18";2002;104;7;2;0.046;41.13017;17.06367;89.5
"MEDITS-GSA18";2002;105;7;2;0.044;41.19508;16.79392;55.5
"MEDITS-GSA18";2002;106;7;3;0.046;41.24342;16.97367;113
"MEDITS-GSA18";2002;107;7;3;0.046;41.17017;17.128;118
"MEDITS-GSA18";2002;108;7;2;0.041;41.36142;16.53775;68
"MEDITS-GSA18";2002;109;7;1;0.043;41.25983;16.59642;38
"MEDITS-GSA18";2002;110;7;3;0.043;41.43842;16.84442;112
"MEDITS-GSA18";2002;111;7;3;0.043;41.40933;16.82058;108
"MEDITS-GSA18";2002;112;7;2;0.042;41.32433;16.56475;54.5
"MEDITS-GSA18";2002;113;7;3;0.043;41.47167;16.851;117.5
"MEDITS-GSA18";2002;116;7;5;0.09;41.54092;17.1545;521.5
"MEDITS-GSA18";2002;117;7;1;0.041;41.7915;16.36517;45.5
"MEDITS-GSA18";2002;118;7;1;0.041;41.67558;16.38992;46.5
"MEDITS-GSA18";2002;121;7;1;0.041;41.7105;16.31517;25
"MEDITS-GSA18";2002;123;7;1;0.041;41.516;16.4015;44.5
"MEDITS-GSA18";2002;124;7;1;0.044;41.63575;16.40417;49.5
"MEDITS-GSA18";2002;125;7;1;0.042;41.444;16.42725;47
"MEDITS-GSA18";2002;126;7;2;0.042;41.6905;16.41242;61
"MEDITS-GSA18";2002;128;7;2;0.044;41.57533;16.48683;70
"MEDITS-GSA18";2002;129;7;2;0.04;41.60692;16.43058;56
"MEDITS-GSA18";2002;131;7;2;0.042;41.51708;16.52508;74.5
"MEDITS-GSA18";2002;132;7;3;0.043;41.92475;16.61283;119
"MEDITS-GSA18";2002;133;7;3;0.043;41.903;16.64958;127.5
"MEDITS-GSA18";2002;134;7;3;0.045;41.86275;16.676;120
"MEDITS-GSA18";2002;135;7;3;0.043;41.51333;16.85667;122.5
"MEDITS-GSA18";2002;136;7;3;0.046;41.30592;16.95;120
"MEDITS-GSA18";2002;137;7;3;0.043;41.55042;16.86575;127.5
"MEDITS-GSA18";2002;138;7;3;0.049;41.23008;17.01367;116
"MEDITS-GSA18";2002;139;7;4;0.086;41.93225;16.81392;218.5
"MEDITS-GSA18";2002;142;7;4;0.09;41.52917;17.08208;400
"MEDITS-GSA18";2002;143;7;5;0.09;42.03625;16.99508;528
"MEDITS-GSA18";2002;144;7;5;0.09;42.09158;16.99617;508
"MEDITS-GSA18";2002;146;7;5;0.097;41.52792;17.16675;550
"MEDITS-GSA18";2003;75;7;2;0.044;40.25883;18.47992;80.5
"MEDITS-GSA18";2003;76;7;2;0.044;40.317;18.42875;77.5
"MEDITS-GSA18";2003;77;7;4;0.081;40.40258;18.61242;312
"MEDITS-GSA18";2003;78;7;5;0.09;40.449;18.63358;513.5
"MEDITS-GSA18";2003;79;7;3;0.045;40.43067;18.547;120.5
"MEDITS-GSA18";2003;80;7;1;0.041;41.13008;16.95033;37
"MEDITS-GSA18";2003;81;7;3;0.047;40.65;18.47975;139
"MEDITS-GSA18";2003;83;7;3;0.049;40.63533;18.41792;117
"MEDITS-GSA18";2003;84;7;3;0.042;40.58858;18.49517;116
"MEDITS-GSA18";2003;85;7;4;0.084;40.67808;18.53833;462.5
"MEDITS-GSA18";2003;86;7;5;0.09;40.63525;18.59783;531
"MEDITS-GSA18";2003;88;7;2;0.045;40.55358;18.30142;93
"MEDITS-GSA18";2003;89;7;3;0.046;40.67875;18.39267;125
"MEDITS-GSA18";2003;90;7;3;0.046;40.69275;18.35308;125
"MEDITS-GSA18";2003;93;7;3;0.046;40.66208;18.43217;128
"MEDITS-GSA18";2003;94;7;4;0.086;40.70875;18.47367;348
"MEDITS-GSA18";2003;95;7;3;0.046;40.69183;18.3105;119.5
"MEDITS-GSA18";2003;96;7;4;0.083;40.73967;18.41267;355
"MEDITS-GSA18";2003;97;7;3;0.046;40.79833;17.97608;109.5
"MEDITS-GSA18";2003;98;7;5;0.09;40.76775;18.40842;502
"MEDITS-GSA18";2003;99;7;1;0.042;41.12158;16.98508;38.5
"MEDITS-GSA18";2003;100;6;1;0.044;41.2055;16.72175;42.5
"MEDITS-GSA18";2003;101;7;2;0.043;40.869;17.5555;59.5
"MEDITS-GSA18";2003;102;7;3;0.043;41.14675;17.15758;115
"MEDITS-GSA18";2003;103;7;3;0.045;41.16392;17.11425;114
"MEDITS-GSA18";2003;104;7;2;0.043;41.13158;17.05067;83
"MEDITS-GSA18";2003;105;6;2;0.043;41.22;16.78175;70
"MEDITS-GSA18";2003;106;7;3;0.046;41.21633;17.01717;112
"MEDITS-GSA18";2003;107;7;3;0.043;41.19467;17.07875;117
"MEDITS-GSA18";2003;108;7;2;0.042;41.34725;16.57117;62.5
"MEDITS-GSA18";2003;109;7;1;0.043;41.25758;16.57075;30.5
"MEDITS-GSA18";2003;110;6;3;0.046;41.44642;16.83158;130
"MEDITS-GSA18";2003;111;6;3;0.043;41.40608;16.85192;110.5
"MEDITS-GSA18";2003;112;6;2;0.042;41.31233;16.57792;54
"MEDITS-GSA18";2003;113;6;3;0.043;41.48575;16.84192;116.5
"MEDITS-GSA18";2003;116;7;5;0.084;41.52408;17.15333;546.5
"MEDITS-GSA18";2003;117;7;1;0.041;41.76558;16.35158;38.5
"MEDITS-GSA18";2003;118;7;1;0.041;41.72117;16.35175;36.5
"MEDITS-GSA18";2003;121;7;1;0.044;41.68883;16.32708;29
"MEDITS-GSA18";2003;123;7;1;0.042;41.522;16.38675;43
"MEDITS-GSA18";2003;124;7;1;0.042;41.59983;16.38942;45.5
"MEDITS-GSA18";2003;125;7;1;0.041;41.44142;16.42225;45
"MEDITS-GSA18";2003;126;7;2;0.042;41.69267;16.41808;56.5
"MEDITS-GSA18";2003;128;7;2;0.044;41.56967;16.5185;77
"MEDITS-GSA18";2003;129;7;2;0.042;41.63733;16.424;56
"MEDITS-GSA18";2003;131;7;2;0.042;41.48767;16.5365;74.5
"MEDITS-GSA18";2003;132;7;3;0.043;41.91642;16.63225;128
"MEDITS-GSA18";2003;133;7;3;0.045;41.89058;16.65783;125
"MEDITS-GSA18";2003;134;7;3;0.043;41.85375;16.663;115
"MEDITS-GSA18";2003;135;7;3;0.043;41.81208;16.64483;103
"MEDITS-GSA18";2003;136;7;3;0.043;41.32767;16.82667;103.5
"MEDITS-GSA18";2003;137;7;3;0.043;41.51717;16.8;111
"MEDITS-GSA18";2003;138;7;3;0.043;41.25417;16.94325;112.5
"MEDITS-GSA18";2003;139;7;4;0.089;41.94033;16.80667;217.5
"MEDITS-GSA18";2003;142;7;4;0.084;41.44608;17.13017;374
"MEDITS-GSA18";2003;143;7;5;0.09;42.02017;16.99417;523.5
"MEDITS-GSA18";2003;144;7;5;0.075;42.07475;16.99817;543.5
"MEDITS-GSA18";2003;146;7;5;0.09;41.51633;17.17033;560.5
"MEDITS-GSA18";2004;75;7;2;0.046;40.25142;18.486;80
"MEDITS-GSA18";2004;76;7;2;0.049;40.3125;18.43433;80.5
"MEDITS-GSA18";2004;77;7;4;0.086;40.39483;18.61975;351.5
"MEDITS-GSA18";2004;78;7;5;0.097;40.45192;18.63333;513
"MEDITS-GSA18";2004;79;7;3;0.045;40.43025;18.54858;125
"MEDITS-GSA18";2004;80;7;1;0.041;41.13283;16.9475;38
"MEDITS-GSA18";2004;81;7;3;0.045;40.64075;18.498;140.5
"MEDITS-GSA18";2004;83;7;3;0.037;40.65383;18.38217;118.5
"MEDITS-GSA18";2004;84;7;3;0.045;40.5855;18.49875;115
"MEDITS-GSA18";2004;85;7;4;0.093;40.66908;18.55767;444
"MEDITS-GSA18";2004;86;7;5;0.093;40.61158;18.60867;566
"MEDITS-GSA18";2004;88;7;2;0.044;40.55775;18.298;94.5
"MEDITS-GSA18";2004;89;7;3;0.045;40.68008;18.38717;119
"MEDITS-GSA18";2004;90;7;3;0.045;40.69925;18.334;119
"MEDITS-GSA18";2004;93;7;3;0.045;40.6615;18.43225;122
"MEDITS-GSA18";2004;94;7;4;0.09;40.69942;18.49008;406
"MEDITS-GSA18";2004;95;7;3;0.045;40.70575;18.28283;119
"MEDITS-GSA18";2004;96;7;4;0.09;40.72683;18.43492;387.5
"MEDITS-GSA18";2004;97;7;3;0.045;40.78858;17.99567;109.5
"MEDITS-GSA18";2004;98;7;5;0.093;40.76925;18.39892;563
"MEDITS-GSA18";2004;99;7;1;0.044;41.11983;16.9875;42
"MEDITS-GSA18";2004;100;7;1;0.044;41.2015;16.7435;44
"MEDITS-GSA18";2004;101;7;2;0.042;40.91817;17.503;73
"MEDITS-GSA18";2004;102;7;3;0.043;41.12783;17.14892;109
"MEDITS-GSA18";2004;103;7;3;0.045;41.13058;17.16442;107.5
"MEDITS-GSA18";2004;104;7;2;0.044;41.13117;17.05675;90
"MEDITS-GSA18";2004;105;7;2;0.042;41.22367;16.78892;69.5
"MEDITS-GSA18";2004;106;7;3;0.046;41.22017;16.99433;114
"MEDITS-GSA18";2004;107;7;3;0.045;41.15808;17.1275;110
"MEDITS-GSA18";2004;108;7;2;0.045;41.36117;16.56667;62.5
"MEDITS-GSA18";2004;109;7;1;0.045;41.27783;16.594;41
"MEDITS-GSA18";2004;110;7;3;0.043;41.44325;16.83542;105
"MEDITS-GSA18";2004;111;7;3;0.042;41.40883;16.85208;108
"MEDITS-GSA18";2004;112;7;2;0.046;41.318;16.57083;52
"MEDITS-GSA18";2004;113;7;3;0.043;41.476;16.84742;117
"MEDITS-GSA18";2004;116;7;5;0.087;41.51517;17.14975;524
"MEDITS-GSA18";2004;117;7;1;0.044;41.733;16.3785;45.5
"MEDITS-GSA18";2004;118;7;1;0.045;41.72942;16.3635;40.5
"MEDITS-GSA18";2004;121;7;1;0.044;41.69008;16.346;34
"MEDITS-GSA18";2004;123;7;2;0.045;41.54458;16.41875;52
"MEDITS-GSA18";2004;124;7;1;0.045;41.60167;16.38608;46
"MEDITS-GSA18";2004;125;7;1;0.047;41.43158;16.44425;49
"MEDITS-GSA18";2004;126;7;2;0.042;41.7115;16.41383;57
"MEDITS-GSA18";2004;128;7;2;0.047;41.55692;16.52633;76
"MEDITS-GSA18";2004;129;7;2;0.045;41.646;16.42817;59.5
"MEDITS-GSA18";2004;131;7;2;0.047;41.49458;16.53633;74.5
"MEDITS-GSA18";2004;132;7;3;0.045;41.88758;16.63367;120
"MEDITS-GSA18";2004;133;7;3;0.045;41.84492;16.60275;121.5
"MEDITS-GSA18";2004;134;7;3;0.087;41.83367;16.65717;108.5
"MEDITS-GSA18";2004;135;7;3;0.093;41.86008;16.59433;102.5
"MEDITS-GSA18";2004;136;7;3;0.045;41.32125;16.83708;103.5
"MEDITS-GSA18";2004;137;7;3;0.045;41.48175;16.74625;104.5
"MEDITS-GSA18";2004;138;7;3;0.046;41.24592;16.94967;112
"MEDITS-GSA18";2004;139;7;4;0.098;41.92292;16.8225;224.5
"MEDITS-GSA18";2004;142;7;4;0.09;41.44967;17.12758;375
"MEDITS-GSA18";2004;143;7;5;0.09;42.01517;17.00258;560
"MEDITS-GSA18";2004;144;7;5;0.09;42.072;17.00667;539
"MEDITS-GSA18";2004;146;7;5;0.09;41.53192;17.164;555.5
"MEDITS-GSA18";2005;75;8;2;0.046;40.2465;18.48883;77
"MEDITS-GSA18";2005;76;8;2;0.046;40.302;18.44617;78.5
"MEDITS-GSA18";2005;77;8;4;0.09;40.37825;18.61675;359.5
"MEDITS-GSA18";2005;78;8;5;0.09;40.43183;18.63667;544
"MEDITS-GSA18";2005;79;8;3;0.045;40.43342;18.53783;118.5
"MEDITS-GSA18";2005;80;8;1;0.044;41.13383;16.94483;42
"MEDITS-GSA18";2005;81;8;3;0.047;40.64767;18.49808;146
"MEDITS-GSA18";2005;83;8;3;0.046;40.63242;18.44833;125
"MEDITS-GSA18";2005;84;8;3;0.046;40.60117;18.498;119.5
"MEDITS-GSA18";2005;85;8;4;0.09;40.66933;18.54275;381
"MEDITS-GSA18";2005;86;8;5;0.09;40.60375;18.61158;556.5
"MEDITS-GSA18";2005;88;8;2;0.046;40.59167;18.268;90
"MEDITS-GSA18";2005;89;8;3;0.046;40.6745;18.40142;123.5
"MEDITS-GSA18";2005;90;8;3;0.046;40.64617;18.39942;118
"MEDITS-GSA18";2005;93;8;3;0.046;40.67958;18.33983;118.5
"MEDITS-GSA18";2005;94;8;4;0.097;40.693;18.456;263
"MEDITS-GSA18";2005;95;8;3;0.046;40.7035;18.28633;120.5
"MEDITS-GSA18";2005;96;8;4;0.09;40.74483;18.37792;264
"MEDITS-GSA18";2005;97;8;3;0.046;40.78817;18.00833;110.5
"MEDITS-GSA18";2005;98;8;5;0.09;40.76508;18.41067;529.5
"MEDITS-GSA18";2005;99;8;1;0.044;41.123;16.98917;47.5
"MEDITS-GSA18";2005;100;8;1;0.041;41.20108;16.73725;43
"MEDITS-GSA18";2005;101;8;2;0.045;40.87933;17.53975;62
"MEDITS-GSA18";2005;102;8;3;0.046;41.16717;17.15242;120
"MEDITS-GSA18";2005;103;8;3;0.048;41.154;17.12775;115
"MEDITS-GSA18";2005;104;8;2;0.046;41.12917;17.06575;90
"MEDITS-GSA18";2005;105;8;2;0.046;41.18942;16.80667;55
"MEDITS-GSA18";2005;106;8;3;0.046;41.25567;16.9575;112
"MEDITS-GSA18";2005;107;8;3;0.046;41.18908;17.08317;119.5
"MEDITS-GSA18";2005;108;8;2;0.043;41.36917;16.53258;56.5
"MEDITS-GSA18";2005;109;8;1;0.045;41.28342;16.578;42
"MEDITS-GSA18";2005;110;8;3;0.046;41.45383;16.84458;113.5
"MEDITS-GSA18";2005;111;8;3;0.045;41.42017;16.81675;108.5
"MEDITS-GSA18";2005;112;8;2;0.042;41.33542;16.55908;55.5
"MEDITS-GSA18";2005;113;8;3;0.043;41.48983;16.85342;119
"MEDITS-GSA18";2005;116;8;5;0.087;41.55608;17.15567;527
"MEDITS-GSA18";2005;117;8;1;0.043;41.79883;16.3335;33
"MEDITS-GSA18";2005;118;8;1;0.053;41.66817;16.37492;42.5
"MEDITS-GSA18";2005;121;8;1;0.045;41.70683;16.30458;22.5
"MEDITS-GSA18";2005;123;8;1;0.047;41.50133;16.40392;46
"MEDITS-GSA18";2005;124;8;2;0.044;41.62675;16.40783;50.5
"MEDITS-GSA18";2005;125;8;1;0.044;41.43375;16.43875;47.5
"MEDITS-GSA18";2005;126;8;2;0.045;41.75308;16.40642;57
"MEDITS-GSA18";2005;128;8;2;0.045;41.57483;16.48867;69.5
"MEDITS-GSA18";2005;129;8;2;0.045;41.60142;16.43975;58.5
"MEDITS-GSA18";2005;131;8;2;0.045;41.49617;16.53167;73.5
"MEDITS-GSA18";2005;132;8;3;0.043;41.90683;16.64225;126.5
"MEDITS-GSA18";2005;133;8;3;0.043;41.87733;16.66792;128
"MEDITS-GSA18";2005;134;8;3;0.045;41.84417;16.67533;116
"MEDITS-GSA18";2005;135;8;3;0.043;41.523;16.85408;122.5
"MEDITS-GSA18";2005;136;8;3;0.046;41.31058;16.84842;105
"MEDITS-GSA18";2005;137;8;3;0.045;41.55583;16.87633;130.5
"MEDITS-GSA18";2005;138;8;3;0.046;41.22967;17.01692;117
"MEDITS-GSA18";2005;139;8;4;0.089;41.92467;16.81958;220.5
"MEDITS-GSA18";2005;142;8;4;0.09;41.52008;17.09142;404.5
"MEDITS-GSA18";2005;143;8;5;0.087;42.01792;16.99483;527
"MEDITS-GSA18";2005;144;8;5;0.087;42.0755;16.99767;532
"MEDITS-GSA18";2005;146;8;5;0.087;41.52542;17.162;544
"MEDITS-GSA18";2006;75;7;2;0.046;40.25558;18.48125;78.5
"MEDITS-GSA18";2006;76;7;2;0.046;40.30833;18.44267;81.5
"MEDITS-GSA18";2006;77;7;4;0.09;40.39667;18.61633;362.5
"MEDITS-GSA18";2006;78;7;5;0.087;40.42492;18.63658;523
"MEDITS-GSA18";2006;79;7;3;0.046;40.43333;18.53767;115.5
"MEDITS-GSA18";2006;80;7;1;0.042;41.1295;16.95817;41
"MEDITS-GSA18";2006;81;7;3;0.045;40.64417;18.50075;142
"MEDITS-GSA18";2006;83;7;3;0.045;40.64467;18.45042;123.5
"MEDITS-GSA18";2006;84;7;3;0.045;40.60158;18.50075;122.5
"MEDITS-GSA18";2006;85;7;4;0.087;40.66367;18.54725;393.5
"MEDITS-GSA18";2006;86;7;5;0.087;40.62033;18.61275;538.5
"MEDITS-GSA18";2006;88;7;2;0.046;40.58458;18.27625;92
"MEDITS-GSA18";2006;89;7;3;0.045;40.67208;18.40892;126
"MEDITS-GSA18";2006;90;7;3;0.046;40.644;18.39883;117.5
"MEDITS-GSA18";2006;93;7;3;0.042;40.67892;18.33608;118
"MEDITS-GSA18";2006;94;7;4;0.093;40.67933;18.51417;316.5
"MEDITS-GSA18";2006;95;7;3;0.043;40.70542;18.28;121
"MEDITS-GSA18";2006;96;7;4;0.09;40.75025;18.3445;266
"MEDITS-GSA18";2006;97;7;3;0.045;40.77292;18.041;113.5
"MEDITS-GSA18";2006;98;7;5;0.087;40.7695;18.40942;525.5
"MEDITS-GSA18";2006;99;7;1;0.044;41.11658;17.0105;48
"MEDITS-GSA18";2006;100;7;1;0.044;41.19175;16.75042;38.5
"MEDITS-GSA18";2006;101;7;2;0.045;40.876;17.54575;62.5
"MEDITS-GSA18";2006;102;7;3;0.043;41.16975;17.15108;119.5
"MEDITS-GSA18";2006;103;7;3;0.045;41.15108;17.13317;114.5
"MEDITS-GSA18";2006;104;7;2;0.044;41.1275;17.07258;90.5
"MEDITS-GSA18";2006;105;7;2;0.045;41.18283;16.82275;54.5
"MEDITS-GSA18";2006;106;7;3;0.046;41.24758;16.97442;113
"MEDITS-GSA18";2006;107;7;3;0.046;41.19192;17.07583;117.5
"MEDITS-GSA18";2006;108;7;2;0.042;41.37425;16.53325;60
"MEDITS-GSA18";2006;109;7;1;0.044;41.29633;16.55958;41.5
"MEDITS-GSA18";2006;110;7;3;0.046;41.44675;16.84292;112.5
"MEDITS-GSA18";2006;111;7;3;0.043;41.4085;16.81183;107.5
"MEDITS-GSA18";2006;112;7;2;0.043;41.3425;16.55108;56
"MEDITS-GSA18";2006;113;7;3;0.045;41.49575;16.85408;120.5
"MEDITS-GSA18";2006;116;7;5;0.087;41.54142;17.15475;523.5
"MEDITS-GSA18";2006;117;7;1;0.042;41.79217;16.337;34
"MEDITS-GSA18";2006;118;7;1;0.044;41.6655;16.37842;42.5
"MEDITS-GSA18";2006;121;7;1;0.043;41.70025;16.3065;22
"MEDITS-GSA18";2006;123;7;1;0.044;41.5085;16.40325;46.5
"MEDITS-GSA18";2006;124;7;2;0.044;41.61992;16.4105;50.5
"MEDITS-GSA18";2006;125;7;1;0.044;41.43808;16.43283;47.5
"MEDITS-GSA18";2006;126;7;2;0.043;41.74858;16.40992;57.5
"MEDITS-GSA18";2006;128;7;2;0.045;41.56933;16.49675;71
"MEDITS-GSA18";2006;129;7;2;0.045;41.5965;16.44492;60
"MEDITS-GSA18";2006;131;7;2;0.044;41.4865;16.53842;74.5
"MEDITS-GSA18";2006;132;7;3;0.043;41.9045;16.6475;127
"MEDITS-GSA18";2006;133;7;3;0.043;41.86617;16.67875;128
"MEDITS-GSA18";2006;134;7;3;0.049;41.82833;16.68142;110
"MEDITS-GSA18";2006;135;7;3;0.046;41.53225;16.85375;124
"MEDITS-GSA18";2006;136;7;3;0.046;41.30517;16.87483;106
"MEDITS-GSA18";2006;137;7;3;0.046;41.56508;16.88583;137.5
"MEDITS-GSA18";2006;138;7;3;0.043;41.23042;17.0095;115
"MEDITS-GSA18";2006;139;7;4;0.092;41.91633;16.83267;227
"MEDITS-GSA18";2006;142;7;4;0.09;41.49992;17.10667;423.5
"MEDITS-GSA18";2006;143;7;5;0.09;42.00975;17.0015;542
"MEDITS-GSA18";2006;144;7;5;0.09;42.06217;16.99733;541.5
"MEDITS-GSA18";2006;146;7;5;0.087;41.54992;17.16742;551.5
"MEDITS-GSA18";2007;75;10;2;0.043;40.26158;18.48133;73
"MEDITS-GSA18";2007;76;10;2;0.043;40.28467;18.44167;81.5
"MEDITS-GSA18";2007;77;10;4;0.09;40.38983;18.61758;360.5
"MEDITS-GSA18";2007;78;10;5;0.087;40.43992;18.63442;532.5
"MEDITS-GSA18";2007;79;10;3;0.045;40.59367;18.5175;122.5
"MEDITS-GSA18";2007;80;10;1;0.042;41.13633;16.93917;40.5
"MEDITS-GSA18";2007;81;10;3;0.043;40.64392;18.49767;140.5
"MEDITS-GSA18";2007;83;10;3;0.043;40.6455;18.44617;123
"MEDITS-GSA18";2007;84;10;3;0.043;40.61508;18.49983;126
"MEDITS-GSA18";2007;85;10;4;0.09;40.66567;18.53825;403
"MEDITS-GSA18";2007;86;10;5;0.09;40.62525;18.60308;512.5
"MEDITS-GSA18";2007;88;10;2;0.044;40.58633;18.27508;92
"MEDITS-GSA18";2007;89;10;3;0.043;40.67492;18.41017;123
"MEDITS-GSA18";2007;90;10;3;0.046;40.69908;18.31517;120.5
"MEDITS-GSA18";2007;93;10;3;0.046;40.68642;18.35142;119
"MEDITS-GSA18";2007;94;10;4;0.094;40.691;18.49933;345.5
"MEDITS-GSA18";2007;95;10;3;0.046;40.70025;18.29892;121
"MEDITS-GSA18";2007;96;10;4;0.09;40.74508;18.401;405
"MEDITS-GSA18";2007;97;10;3;0.045;40.77092;18.04733;113
"MEDITS-GSA18";2007;98;10;5;0.098;40.77475;18.39192;575
"MEDITS-GSA18";2007;99;10;1;0.044;41.11792;17.01325;49
"MEDITS-GSA18";2007;100;10;1;0.042;41.19717;16.749;38
"MEDITS-GSA18";2007;101;10;2;0.042;40.87867;17.54;60.5
"MEDITS-GSA18";2007;102;10;3;0.045;41.16933;17.14525;121.5
"MEDITS-GSA18";2007;103;10;3;0.045;41.152;17.13067;114
"MEDITS-GSA18";2007;104;10;2;0.044;41.12925;17.07283;91.5
"MEDITS-GSA18";2007;105;10;2;0.044;41.18383;16.80558;57
"MEDITS-GSA18";2007;106;10;3;0.046;41.25225;16.96675;112.5
"MEDITS-GSA18";2007;107;10;3;0.046;41.19242;17.07617;120
"MEDITS-GSA18";2007;108;10;2;0.043;41.37158;16.53992;61.5
"MEDITS-GSA18";2007;109;10;1;0.042;41.27133;16.58142;39.5
"MEDITS-GSA18";2007;110;10;3;0.045;41.44875;16.84375;112
"MEDITS-GSA18";2007;111;10;3;0.045;41.40742;16.80925;104
"MEDITS-GSA18";2007;112;10;2;0.043;41.33808;16.554;54.5
"MEDITS-GSA18";2007;113;10;3;0.046;41.49092;16.85417;118.5
"MEDITS-GSA18";2007;116;10;5;0.097;41.54242;17.15417;536
"MEDITS-GSA18";2007;117;10;1;0.042;41.79175;16.34283;39
"MEDITS-GSA18";2007;118;10;1;0.041;41.67042;16.38125;45
"MEDITS-GSA18";2007;121;10;1;0.039;41.71658;16.312;23.5
"MEDITS-GSA18";2007;123;10;1;0.042;41.49367;16.40633;45
"MEDITS-GSA18";2007;124;10;2;0.043;41.6175;16.40942;50.5
"MEDITS-GSA18";2007;125;10;1;0.042;41.42642;16.43783;47
"MEDITS-GSA18";2007;126;10;2;0.043;41.75342;16.41;56.5
"MEDITS-GSA18";2007;128;10;2;0.045;41.563;16.50025;73.5
"MEDITS-GSA18";2007;129;10;2;0.042;41.59725;16.44208;59.5
"MEDITS-GSA18";2007;131;10;2;0.045;41.47625;16.5465;75.5
"MEDITS-GSA18";2007;132;10;3;0.046;41.90592;16.646;128.5
"MEDITS-GSA18";2007;133;10;3;0.046;41.8635;16.66942;126
"MEDITS-GSA18";2007;134;10;3;0.059;41.8365;16.67967;109
"MEDITS-GSA18";2007;135;10;3;0.046;41.52925;16.85383;124.5
"MEDITS-GSA18";2007;136;10;3;0.046;41.30392;16.85883;105.5
"MEDITS-GSA18";2007;137;10;3;0.046;41.561;16.87192;132.5
"MEDITS-GSA18";2007;138;10;3;0.046;41.22917;17.023;124
"MEDITS-GSA18";2007;139;10;4;0.096;41.92183;16.83217;229.5
"MEDITS-GSA18";2007;142;10;4;0.093;41.5305;17.08717;404
"MEDITS-GSA18";2007;143;10;5;0.09;42.00925;16.99833;532
"MEDITS-GSA18";2007;144;10;5;0.093;42.09392;17.00092;540
"MEDITS-GSA18";2007;146;10;5;0.097;41.53617;17.16217;545
"MEDITS-GSA18";2008;75;7;2;0.042;40.24792;18.48742;75
"MEDITS-GSA18";2008;76;7;2;0.042;40.30142;18.44725;83.5
"MEDITS-GSA18";2008;77;7;4;0.093;40.39983;18.61483;352
"MEDITS-GSA18";2008;78;7;5;0.09;40.4415;18.63567;535.5
"MEDITS-GSA18";2008;79;7;3;0.045;40.59142;18.51942;116.5
"MEDITS-GSA18";2008;80;7;1;0.043;41.13192;16.95058;40
"MEDITS-GSA18";2008;81;7;3;0.045;40.64483;18.50075;146.5
"MEDITS-GSA18";2008;84;7;3;0.045;40.60217;18.501;122.5
"MEDITS-GSA18";2008;86;7;5;0.09;40.62658;18.60267;509
"MEDITS-GSA18";2008;88;7;2;0.046;40.58817;18.27208;91.5
"MEDITS-GSA18";2008;89;7;3;0.045;40.68342;18.396;123
"MEDITS-GSA18";2008;90;7;3;0.045;40.69892;18.31417;120.5
"MEDITS-GSA18";2008;93;7;3;0.043;40.67408;18.34725;119
"MEDITS-GSA18";2008;94;7;4;0.098;40.68725;18.50567;322.5
"MEDITS-GSA18";2008;95;7;3;0.045;40.7055;18.27992;120.5
"MEDITS-GSA18";2008;96;7;4;0.093;40.74525;18.39967;412.5
"MEDITS-GSA18";2008;97;7;3;0.046;40.77025;18.04758;113.5
"MEDITS-GSA18";2008;98;7;5;0.109;40.77292;18.40058;561.5
"MEDITS-GSA18";2008;99;7;1;0.044;41.11783;17.005;49
"MEDITS-GSA18";2008;100;7;1;0.044;41.199;16.7395;41.5
"MEDITS-GSA18";2008;101;7;2;0.044;40.88017;17.53667;61
"MEDITS-GSA18";2008;102;7;3;0.046;41.17025;17.14258;119.5
"MEDITS-GSA18";2008;103;7;3;0.046;41.15533;17.13792;114.5
"MEDITS-GSA18";2008;104;7;2;0.046;41.1295;17.07275;91.5
"MEDITS-GSA18";2008;105;7;2;0.044;41.191;16.80792;56
"MEDITS-GSA18";2008;106;7;3;0.046;41.24808;16.97358;111
"MEDITS-GSA18";2008;107;7;3;0.046;41.18792;17.08367;120.5
"MEDITS-GSA18";2008;108;6;2;0.043;41.37217;16.53742;60.5
"MEDITS-GSA18";2008;109;6;1;0.05;41.28542;16.57167;40.5
"MEDITS-GSA18";2008;111;7;3;0.046;41.40742;16.81183;105.5
"MEDITS-GSA18";2008;112;6;2;0.044;41.33525;16.55783;55
"MEDITS-GSA18";2008;113;7;3;0.046;41.50158;16.85283;118.5
"MEDITS-GSA18";2008;116;7;5;0.093;41.548;17.15258;517
"MEDITS-GSA18";2008;117;7;1;0.043;41.79658;16.32925;37
"MEDITS-GSA18";2008;118;7;1;0.044;41.66692;16.37325;43.5
"MEDITS-GSA18";2008;121;7;1;0.042;41.71192;16.30867;25
"MEDITS-GSA18";2008;123;6;1;0.042;41.50633;16.40525;46.5
"MEDITS-GSA18";2008;124;6;2;0.044;41.62375;16.40883;50.5
"MEDITS-GSA18";2008;125;6;1;0.044;41.43425;16.43517;47.5
"MEDITS-GSA18";2008;126;7;2;0.045;41.74342;16.40083;56
"MEDITS-GSA18";2008;128;6;2;0.045;41.573;16.49133;73.5
"MEDITS-GSA18";2008;129;6;2;0.045;41.60417;16.44042;60
"MEDITS-GSA18";2008;131;6;2;0.045;41.467;16.53467;75
"MEDITS-GSA18";2008;132;7;3;0.054;41.90617;16.64633;128.5
"MEDITS-GSA18";2008;133;7;3;0.046;41.8715;16.67425;128
"MEDITS-GSA18";2008;134;7;3;0.046;41.84283;16.68017;110
"MEDITS-GSA18";2008;135;7;3;0.046;41.53017;16.8525;122
"MEDITS-GSA18";2008;136;7;3;0.046;41.30725;16.85692;105.5
"MEDITS-GSA18";2008;137;7;3;0.046;41.56142;16.87358;134.5
"MEDITS-GSA18";2008;138;7;3;0.046;41.2285;17.02117;118
"MEDITS-GSA18";2008;139;7;4;0.096;41.91967;16.83067;229
"MEDITS-GSA18";2008;142;7;4;0.093;41.51525;17.084;403.5
"MEDITS-GSA18";2008;146;7;5;0.093;41.54342;17.1645;537.5
"MEDITS-GSA18";2009;76;6;2;0.041;40.30825;18.443;82.5
"MEDITS-GSA18";2009;77;6;4;0.095;40.3995;18.61725;378
"MEDITS-GSA18";2009;78;6;5;0.104;40.45033;18.6365;545
"MEDITS-GSA18";2009;80;7;1;0.036;41.1335;16.94733;41.5
"MEDITS-GSA18";2009;83;6;3;0.047;40.6505;18.44075;124.5
"MEDITS-GSA18";2009;84;6;3;0.046;40.5875;18.5165;120
"MEDITS-GSA18";2009;85;6;4;0.091;40.6585;18.5515;395.5
"MEDITS-GSA18";2009;86;6;5;0.097;40.60733;18.61242;574
"MEDITS-GSA18";2009;88;6;2;0.041;40.59967;18.26733;90
"MEDITS-GSA18";2009;93;6;3;0.044;40.68333;18.34075;120
"MEDITS-GSA18";2009;95;6;3;0.045;40.71883;18.25;120
"MEDITS-GSA18";2009;96;6;4;0.1;40.73525;18.421;404.5
"MEDITS-GSA18";2009;97;6;3;0.047;40.78158;18.0155;111.5
"MEDITS-GSA18";2009;98;6;5;0.103;40.76817;18.419;524.5
"MEDITS-GSA18";2009;100;7;1;0.038;41.21158;16.642;23
"MEDITS-GSA18";2009;101;6;2;0.041;40.87967;17.53817;62.5
"MEDITS-GSA18";2009;103;7;3;0.048;41.15183;17.11467;109
"MEDITS-GSA18";2009;104;7;2;0.043;41.12783;17.06683;89
"MEDITS-GSA18";2009;105;7;2;0.037;41.18975;16.80658;55.5
"MEDITS-GSA18";2009;107;7;3;0.044;41.23058;17.007;115
"MEDITS-GSA18";2009;109;7;1;0.032;41.29117;16.56692;43
"MEDITS-GSA18";2009;110;7;3;0.042;41.43633;16.83725;111.5
"MEDITS-GSA18";2009;112;7;2;0.042;41.34267;16.55292;57.5
"MEDITS-GSA18";2009;116;7;5;0.094;41.53025;17.16425;557.5
"MEDITS-GSA18";2009;117;7;1;0.036;41.7855;16.33467;33.5
"MEDITS-GSA18";2009;121;7;1;0.037;41.69625;16.3075;23.5
"MEDITS-GSA18";2009;123;7;1;0.038;41.49658;16.39908;45
"MEDITS-GSA18";2009;125;7;1;0.037;41.3675;16.43042;34
"MEDITS-GSA18";2009;126;7;2;0.043;41.75333;16.40417;56
"MEDITS-GSA18";2009;129;7;2;0.039;41.58425;16.43117;56.5
"MEDITS-GSA18";2009;130;6;3;0.047;40.81383;17.90917;105.5
"MEDITS-GSA18";2009;131;6;3;0.045;40.85758;17.80167;103
"MEDITS-GSA18";2009;132;6;3;0.041;40.90967;17.66217;103.5
"MEDITS-GSA18";2009;133;6;3;0.043;40.98317;17.57533;112.5
"MEDITS-GSA18";2009;134;6;2;0.044;40.92225;17.46892;72.5
"MEDITS-GSA18";2009;135;6;1;0.039;41.00133;17.32667;38
"MEDITS-GSA18";2009;136;6;1;0.037;41.06867;17.14233;39.5
"MEDITS-GSA18";2009;137;7;3;0.046;41.56575;16.88758;136.5
"MEDITS-GSA18";2009;138;7;3;0.043;41.30975;16.86083;107
"MEDITS-GSA18";2009;139;6;4;0.094;41.90842;16.83767;230
"MEDITS-GSA18";2009;142;7;4;0.099;41.51767;17.09633;412
"MEDITS-GSA18";2009;143;6;5;0.1;42.035;16.99717;531.5
"MEDITS-GSA18";2009;144;6;5;0.1;42.1095;17.00517;554
"MEDITS-GSA18";2009;145;6;4;0.097;42.16633;16.94517;359
"MEDITS-GSA18";2009;146;6;3;0.048;41.90808;16.7655;169
"MEDITS-GSA18";2009;147;7;3;0.047;41.71783;16.69108;102
"MEDITS-GSA18";2009;148;7;3;0.041;41.61808;16.73025;106
"MEDITS-GSA18";2009;150;6;3;0.04;41.04517;17.47475;136.5
"MEDITS-GSA18";2009;151;6;4;0.094;41.02342;17.82883;343
"MEDITS-GSA18";2009;152;6;5;0.104;41.03775;17.86133;541.5
"MEDITS-GSA18";2009;153;6;2;0.041;40.81858;17.732;85.5
"MEDITS-GSA18";2009;154;6;2;0.041;40.7565;17.84;81
"MEDITS-GSA18";2009;156;6;1;0.034;40.24558;18.46942;42.5
"MEDITS-GSA18";2009;157;6;3;0.056;40.51717;18.57667;119
"MEDITS-GSA18";2009;158;6;3;0.043;40.71058;18.11258;113.5
"MEDITS-GSA18";2009;160;7;2;0.042;41.4905;16.5035;68
"MEDITS-GSA18";2009;161;6;3;0.047;41.11367;17.31425;122.5
"MEDITS-GSA18";2009;162;6;3;0.051;41.82333;16.72558;133
"MEDITS-GSA18";2010;76;7;2;0.048;40.29742;18.44842;79.5
"MEDITS-GSA18";2010;77;7;4;0.096;40.37408;18.61725;372
"MEDITS-GSA18";2010;78;7;5;0.097;40.42825;18.63967;557.5
"MEDITS-GSA18";2010;80;7;1;0.039;41.12167;16.96425;30.5
"MEDITS-GSA18";2010;83;7;3;0.05;40.64158;18.45817;126
"MEDITS-GSA18";2010;84;7;3;0.052;40.57758;18.5245;132
"MEDITS-GSA18";2010;85;7;4;0.103;40.65517;18.55175;375
"MEDITS-GSA18";2010;86;7;5;0.096;40.5945;18.61608;553
"MEDITS-GSA18";2010;88;7;2;0.049;40.57858;18.281;91.5
"MEDITS-GSA18";2010;93;7;3;0.049;40.68183;18.33125;119
"MEDITS-GSA18";2010;95;7;3;0.049;40.69892;18.29817;120
"MEDITS-GSA18";2010;97;7;3;0.05;40.76583;18.05925;115.5
"MEDITS-GSA18";2010;98;7;5;0.096;40.76517;18.42475;521
"MEDITS-GSA18";2010;100;7;1;0.041;41.18983;16.75667;39
"MEDITS-GSA18";2010;101;7;2;0.049;40.86125;17.57425;60
"MEDITS-GSA18";2010;104;7;2;0.048;41.12575;17.075;88
"MEDITS-GSA18";2010;105;7;2;0.046;41.18558;16.82575;57
"MEDITS-GSA18";2010;107;7;3;0.049;41.2305;17.01;115.5
"MEDITS-GSA18";2010;109;7;1;0.042;41.293;16.56267;43
"MEDITS-GSA18";2010;110;7;3;0.048;41.43283;16.83567;110.5
"MEDITS-GSA18";2010;112;7;2;0.048;41.34242;16.55325;57
"MEDITS-GSA18";2010;116;7;5;0.097;41.5305;17.16358;553.5
"MEDITS-GSA18";2010;117;7;1;0.042;41.78475;16.33333;32
"MEDITS-GSA18";2010;121;7;1;0.039;41.70358;16.288;19
"MEDITS-GSA18";2010;123;7;1;0.041;41.49817;16.40308;45.5
"MEDITS-GSA18";2010;125;7;1;0.042;41.42875;16.43808;47.5
"MEDITS-GSA18";2010;126;7;2;0.049;41.73292;16.40275;55.5
"MEDITS-GSA18";2010;129;7;2;0.049;41.61417;16.43667;59.5
"MEDITS-GSA18";2010;131;7;3;0.05;40.85308;17.8205;113.5
"MEDITS-GSA18";2010;132;7;3;0.041;40.89975;17.68517;103
"MEDITS-GSA18";2010;133;7;3;0.05;40.97575;17.5955;111
"MEDITS-GSA18";2010;134;7;2;0.047;40.92058;17.47425;72.5
"MEDITS-GSA18";2010;135;7;1;0.04;40.99308;17.25692;39
"MEDITS-GSA18";2010;137;7;3;0.049;41.55967;16.8825;133
"MEDITS-GSA18";2010;138;7;3;0.045;41.30842;16.85708;107
"MEDITS-GSA18";2010;139;7;4;0.104;41.9105;16.83142;225.5
"MEDITS-GSA18";2010;142;7;4;0.097;41.52725;17.08858;402.5
"MEDITS-GSA18";2010;143;7;5;0.104;41.99692;17.00042;530
"MEDITS-GSA18";2010;144;7;5;0.104;42.08642;17.00108;543
"MEDITS-GSA18";2010;145;7;4;0.101;42.15083;16.9565;383.5
"MEDITS-GSA18";2010;146;7;3;0.05;41.92417;16.75642;170
"MEDITS-GSA18";2010;147;7;3;0.047;41.71292;16.69225;102.5
"MEDITS-GSA18";2010;148;7;3;0.05;41.61483;16.735;106.5
"MEDITS-GSA18";2010;150;7;3;0.045;41.03542;17.50092;137.5
"MEDITS-GSA18";2010;151;7;4;0.082;41.021;17.83183;349
"MEDITS-GSA18";2010;152;7;5;0.1;41.03833;17.86542;527.5
"MEDITS-GSA18";2010;154;7;2;0.047;40.75133;17.85583;83.5
"MEDITS-GSA18";2010;156;7;1;0.038;40.23842;18.47742;39
"MEDITS-GSA18";2010;157;7;3;0.048;40.50642;18.57892;118
"MEDITS-GSA18";2010;158;7;3;0.048;40.7015;18.12858;117
"MEDITS-GSA18";2010;160;7;2;0.049;41.49425;16.50158;67.5
"MEDITS-GSA18";2010;161;7;3;0.049;41.10517;17.33317;120.5
"MEDITS-GSA18";2010;162;7;3;0.049;41.82817;16.71958;132.5
"MEDITS-GSA18";2011;76;7;2;0.044;40.30792;18.44292;81
"MEDITS-GSA18";2011;77;7;4;0.094;40.39542;18.61833;365.5
"MEDITS-GSA18";2011;78;7;5;0.101;40.44358;18.63758;538.5
"MEDITS-GSA18";2011;80;7;1;0.042;41.12933;16.95058;36
"MEDITS-GSA18";2011;83;7;3;0.048;40.64825;18.445;124
"MEDITS-GSA18";2011;84;7;3;0.047;40.58675;18.51658;119
"MEDITS-GSA18";2011;85;7;4;0.099;40.65967;18.5475;386.5
"MEDITS-GSA18";2011;86;7;5;0.098;40.59942;18.61892;577.5
"MEDITS-GSA18";2011;88;7;2;0.046;40.59117;18.26858;89.5
"MEDITS-GSA18";2011;93;7;3;0.048;40.66508;18.36533;119
"MEDITS-GSA18";2011;95;7;3;0.05;40.7075;18.276;121.5
"MEDITS-GSA18";2011;97;7;3;0.047;40.79058;17.99208;110
"MEDITS-GSA18";2011;98;7;5;0.1;40.76917;18.41708;524
"MEDITS-GSA18";2011;100;7;1;0.043;41.19242;16.73658;34
"MEDITS-GSA18";2011;101;7;2;0.046;40.86192;17.57325;60.5
"MEDITS-GSA18";2011;104;7;2;0.047;41.13125;17.05542;86.5
"MEDITS-GSA18";2011;105;7;2;0.047;41.19325;16.8075;59
"MEDITS-GSA18";2011;107;7;3;0.05;41.23958;16.99242;114
"MEDITS-GSA18";2011;109;7;1;0.043;41.26958;16.54533;30.5
"MEDITS-GSA18";2011;110;7;3;0.048;41.4465;16.84242;113
"MEDITS-GSA18";2011;112;7;2;0.044;41.34492;16.55225;57.5
"MEDITS-GSA18";2011;116;7;5;0.098;41.554;17.1675;544.5
"MEDITS-GSA18";2011;117;7;1;0.043;41.79275;16.33292;33
"MEDITS-GSA18";2011;121;7;1;0.043;41.7015;16.16033;10.5
"MEDITS-GSA18";2011;123;7;1;0.043;41.56875;16.22167;17
"MEDITS-GSA18";2011;125;7;1;0.043;41.441;16.4305;47.5
"MEDITS-GSA18";2011;126;7;2;0.047;41.72583;16.512;83
"MEDITS-GSA18";2011;129;7;2;0.046;41.60167;16.5245;79
"MEDITS-GSA18";2011;131;7;3;0.047;40.85633;17.81458;103.5
"MEDITS-GSA18";2011;132;7;3;0.048;40.91167;17.65642;104
"MEDITS-GSA18";2011;133;7;3;0.048;40.98217;17.58458;111
"MEDITS-GSA18";2011;134;7;2;0.047;40.89725;17.4765;68.5
"MEDITS-GSA18";2011;135;7;1;0.042;41.0025;17.24242;37.5
"MEDITS-GSA18";2011;137;7;3;0.049;41.55508;16.86708;128.5
"MEDITS-GSA18";2011;138;7;3;0.048;41.32517;16.85267;107
"MEDITS-GSA18";2011;139;7;4;0.103;41.90975;16.83367;228
"MEDITS-GSA18";2011;142;7;4;0.096;41.50867;17.10458;428.5
"MEDITS-GSA18";2011;143;7;5;0.098;41.99467;17.00517;545.5
"MEDITS-GSA18";2011;144;7;5;0.102;42.09125;17.01475;595
"MEDITS-GSA18";2011;145;7;4;0.099;42.15167;16.95567;386
"MEDITS-GSA18";2011;146;7;3;0.048;41.92517;16.75858;174.5
"MEDITS-GSA18";2011;147;7;3;0.048;41.711;16.7015;103
"MEDITS-GSA18";2011;148;7;3;0.041;41.61692;16.73767;105
"MEDITS-GSA18";2011;150;7;3;0.047;41.04383;17.48433;139
"MEDITS-GSA18";2011;151;7;4;0.099;41.0225;17.8315;359
"MEDITS-GSA18";2011;152;7;5;0.097;41.0395;17.86383;586
"MEDITS-GSA18";2011;154;7;2;0.047;40.76075;17.82817;79.5
"MEDITS-GSA18";2011;156;7;1;0.041;40.24708;18.467;40.5
"MEDITS-GSA18";2011;157;7;3;0.048;40.41983;18.50783;111.5
"MEDITS-GSA18";2011;158;7;3;0.05;40.70058;18.12925;118
"MEDITS-GSA18";2011;160;7;2;0.045;41.49225;16.5025;67.5
"MEDITS-GSA18";2011;161;7;3;0.048;41.11983;17.30792;123.5
"MEDITS-GSA18";2011;162;7;3;0.05;41.81867;16.72625;132.5
"MEDITS-GSA18";2012;76;7;2;0.046;40.305;18.44483;84.5
"MEDITS-GSA18";2012;77;7;4;0.102;40.37217;18.62108;401
"MEDITS-GSA18";2012;78;7;5;0.1;40.4225;18.64008;550
"MEDITS-GSA18";2012;80;7;1;0.041;41.13008;16.94975;36.5
"MEDITS-GSA18";2012;83;7;3;0.045;40.6475;18.44625;124
"MEDITS-GSA18";2012;84;7;3;0.047;40.592;18.51233;118
"MEDITS-GSA18";2012;85;7;4;0.1;40.66708;18.5585;441
"MEDITS-GSA18";2012;86;7;5;0.101;40.59575;18.61792;561
"MEDITS-GSA18";2012;88;7;2;0.046;40.5935;18.26025;89.5
"MEDITS-GSA18";2012;93;7;3;0.047;40.66317;18.36825;119
"MEDITS-GSA18";2012;95;7;3;0.047;40.705;18.28292;121
"MEDITS-GSA18";2012;97;7;3;0.044;40.79133;17.99017;110
"MEDITS-GSA18";2012;98;7;5;0.101;40.76725;18.41742;520
"MEDITS-GSA18";2012;100;7;1;0.042;41.18725;16.76517;39.5
"MEDITS-GSA18";2012;101;7;2;0.042;40.86325;17.56958;59
"MEDITS-GSA18";2012;104;7;2;0.043;41.12983;17.06183;88
"MEDITS-GSA18";2012;105;7;2;0.046;41.18525;16.82917;58
"MEDITS-GSA18";2012;107;7;3;0.048;41.23725;16.99675;114.5
"MEDITS-GSA18";2012;109;7;1;0.042;41.27392;16.55058;33
"MEDITS-GSA18";2012;110;7;3;0.047;41.4465;16.84308;112.5
"MEDITS-GSA18";2012;112;7;2;0.046;41.33275;16.56058;55.5
"MEDITS-GSA18";2012;116;7;5;0.1;41.5295;17.1665;554.5
"MEDITS-GSA18";2012;117;7;1;0.04;41.77725;16.3245;29
"MEDITS-GSA18";2012;121;7;1;0.042;41.70625;16.1445;12
"MEDITS-GSA18";2012;123;7;1;0.042;41.56808;16.222;17
"MEDITS-GSA18";2012;125;7;1;0.042;41.44667;16.42742;47.5
"MEDITS-GSA18";2012;126;7;2;0.046;41.73592;16.50708;82.5
"MEDITS-GSA18";2012;129;7;2;0.044;41.613;16.52325;79.5
"MEDITS-GSA18";2012;131;7;3;0.045;40.85625;17.81467;103
"MEDITS-GSA18";2012;132;7;3;0.045;40.91175;17.65642;103
"MEDITS-GSA18";2012;133;7;3;0.045;40.98217;17.5845;111
"MEDITS-GSA18";2012;134;7;2;0.048;40.91158;17.47917;67
"MEDITS-GSA18";2012;135;7;1;0.04;41.01425;17.222;34
"MEDITS-GSA18";2012;137;7;3;0.048;41.55842;16.85867;128
"MEDITS-GSA18";2012;138;7;3;0.043;41.32683;16.85292;107
"MEDITS-GSA18";2012;139;7;4;0.104;41.9275;16.82392;226.5
"MEDITS-GSA18";2012;142;7;4;0.1;41.52958;17.08875;408
"MEDITS-GSA18";2012;143;7;5;0.104;41.98925;17.01308;562.5
"MEDITS-GSA18";2012;144;7;5;0.105;42.09167;17.02033;607.5
"MEDITS-GSA18";2012;145;7;4;0.1;42.16067;16.95367;397.5
"MEDITS-GSA18";2012;146;7;3;0.048;41.90608;16.76767;170
"MEDITS-GSA18";2012;147;7;3;0.048;41.71842;16.69142;102
"MEDITS-GSA18";2012;148;7;3;0.048;41.61583;16.7395;107
"MEDITS-GSA18";2012;150;7;3;0.045;41.04225;17.48658;138.5
"MEDITS-GSA18";2012;151;7;4;0.097;41.02075;17.83442;369.5
"MEDITS-GSA18";2012;152;7;5;0.1;41.04067;17.858;599
"MEDITS-GSA18";2012;154;7;2;0.043;40.75533;17.84367;81
"MEDITS-GSA18";2012;156;7;1;0.042;40.24608;18.46842;40
"MEDITS-GSA18";2012;157;7;3;0.046;40.42108;18.50683;110.5
"MEDITS-GSA18";2012;158;7;3;0.048;40.69983;18.13092;116
"MEDITS-GSA18";2012;160;7;2;0.046;41.49858;16.501;68
"MEDITS-GSA18";2012;161;7;3;0.045;41.11092;17.32492;122
"MEDITS-GSA18";2012;162;7;3;0.048;41.81342;16.73017;133
"MEDITS-GSA18";2013;95;7;3;0.051;40.7045;18.28425;120.5
"MEDITS-GSA18";2013;98;7;5;0.104;40.76958;18.41192;517.5
"MEDITS-GSA18";2013;85;7;4;0.107;40.6645;18.56417;457
"MEDITS-GSA18";2013;84;7;3;0.05;40.58825;18.51367;118.5
"MEDITS-GSA18";2013;83;7;3;0.053;40.64708;18.44492;123
"MEDITS-GSA18";2013;93;7;3;0.051;40.66742;18.35892;120
"MEDITS-GSA18";2013;156;7;1;0.045;40.24367;18.47033;38.5
"MEDITS-GSA18";2013;76;7;2;0.048;40.29992;18.44683;79.5
"MEDITS-GSA18";2013;157;7;3;0.05;40.40875;18.51408;111.5
"MEDITS-GSA18";2013;77;7;4;0.111;40.37117;18.62242;415
"MEDITS-GSA18";2013;78;7;5;0.099;40.44025;18.64058;569
"MEDITS-GSA18";2013;86;7;5;0.104;40.62208;18.61208;541
"MEDITS-GSA18";2013;88;7;2;0.049;40.58525;18.276;91
"MEDITS-GSA18";2013;158;7;3;0.055;40.70025;18.1295;115
"MEDITS-GSA18";2013;97;7;3;0.054;40.79083;17.99083;109.5
"MEDITS-GSA18";2013;154;7;2;0.05;40.755;17.8425;80
"MEDITS-GSA18";2013;131;7;3;0.051;40.85117;17.82458;102.5
"MEDITS-GSA18";2013;151;7;4;0.109;41.00692;17.87083;246.5
"MEDITS-GSA18";2013;152;7;5;0.106;41.03942;17.86192;566
"MEDITS-GSA18";2013;132;7;3;0.052;40.90292;17.68392;102
"MEDITS-GSA18";2013;133;7;3;0.034;40.9665;17.62508;112
"MEDITS-GSA18";2013;101;7;2;0.049;40.884;17.53067;63
"MEDITS-GSA18";2013;135;7;1;0.046;41.01458;17.21792;31.5
"MEDITS-GSA18";2013;134;7;2;0.051;40.92542;17.46633;72.5
"MEDITS-GSA18";2013;150;7;3;0.05;41.05025;17.46442;133.5
"MEDITS-GSA18";2013;161;7;3;0.052;41.12317;17.29933;121.5
"MEDITS-GSA18";2013;104;7;2;0.051;41.13217;17.0555;87
"MEDITS-GSA18";2013;80;7;1;0.045;41.12792;16.96308;40
"MEDITS-GSA18";2013;107;7;3;0.055;41.23892;16.9885;113
"MEDITS-GSA18";2013;142;7;4;0.103;41.52167;17.094;406.5
"MEDITS-GSA18";2013;116;7;5;0.098;41.52025;17.1655;550.5
"MEDITS-GSA18";2013;110;7;3;0.053;41.43367;16.837;110
"MEDITS-GSA18";2013;100;7;1;0.045;41.18825;16.76208;39.5
"MEDITS-GSA18";2013;105;7;2;0.049;41.18533;16.82942;58.5
"MEDITS-GSA18";2013;138;7;3;0.051;41.32825;16.853;106.5
"MEDITS-GSA18";2013;137;7;3;0.052;41.55517;16.85625;127
"MEDITS-GSA18";2013;148;7;3;0.053;41.6155;16.73717;106.5
"MEDITS-GSA18";2013;147;7;3;0.053;41.71325;16.69142;102
"MEDITS-GSA18";2013;129;7;2;0.05;41.60317;16.52458;79
"MEDITS-GSA18";2013;145;7;4;0.103;42.163;16.947;372.5
"MEDITS-GSA18";2013;144;7;5;0.106;42.08808;17.01958;611.5
"MEDITS-GSA18";2013;143;7;5;0.103;41.99717;17.01467;572
"MEDITS-GSA18";2013;139;7;4;0.111;41.90883;16.83167;224.5
"MEDITS-GSA18";2013;146;7;3;0.051;41.92142;16.76067;171
"MEDITS-GSA18";2013;162;7;3;0.051;41.81575;16.73058;133
"MEDITS-GSA18";2013;123;8;1;0.048;41.5685;16.22208;17
"MEDITS-GSA18";2013;121;8;1;0.047;41.71292;16.1605;11
"MEDITS-GSA18";2013;117;8;1;0.048;41.79067;16.33525;33
"MEDITS-GSA18";2013;126;8;2;0.05;41.72383;16.51333;83.5
"MEDITS-GSA18";2013;160;8;2;0.049;41.489;16.50408;67.5
"MEDITS-GSA18";2013;109;8;1;0.046;41.27192;16.5545;32.5
"MEDITS-GSA18";2013;112;8;2;0.051;41.34333;16.55158;56.5
"MEDITS-GSA18";2013;125;8;1;0.047;41.39483;16.40533;34
"MEDITS-GSA18";2014;126;8;2;0.049;41.71983;16.51442;83.5
"MEDITS-GSA18";2014;117;8;1;0.046;41.781;16.335;32.5
"MEDITS-GSA18";2014;160;8;2;0.049;41.48025;16.50358;66.5
"MEDITS-GSA18";2014;125;8;1;0.05;41.38308;16.41342;34
"MEDITS-GSA18";2014;100;8;1;0.05;41.1905;16.75442;39
"MEDITS-GSA18";2014;105;8;2;0.047;41.18508;16.83017;58.5
"MEDITS-GSA18";2014;104;8;2;0.05;41.12675;17.07317;89
"MEDITS-GSA18";2014;138;8;3;0.046;41.33075;16.85308;106.5
"MEDITS-GSA18";2014;148;8;3;0.052;41.61883;16.73775;106.5
"MEDITS-GSA18";2014;147;8;3;0.05;41.71258;16.6935;102.5
"MEDITS-GSA18";2014;162;8;3;0.053;41.83175;16.71967;134
"MEDITS-GSA18";2014;146;8;3;0.052;41.91858;16.76058;170.5
"MEDITS-GSA18";2014;139;8;4;0.109;41.91275;16.83258;227
"MEDITS-GSA18";2014;145;8;4;0.103;42.1485;16.95933;388
"MEDITS-GSA18";2014;144;8;5;0.105;42.09558;17.02033;608
"MEDITS-GSA18";2014;143;8;5;0.101;41.996;17.01608;575.5
"MEDITS-GSA18";2014;116;8;5;0.102;41.53775;17.1665;544
"MEDITS-GSA18";2014;137;8;3;0.051;41.54092;16.85333;124
"MEDITS-GSA18";2014;110;8;3;0.05;41.43767;16.8375;111.5
"MEDITS-GSA18";2014;135;8;1;0.047;41.00667;17.2365;37
"MEDITS-GSA18";2014;161;8;3;0.051;41.11242;17.31958;120
"MEDITS-GSA18";2014;150;8;3;0.052;41.04217;17.47933;133
"MEDITS-GSA18";2014;133;8;3;0.053;40.971;17.60917;108
"MEDITS-GSA18";2014;132;8;3;0.053;40.90725;17.675;104.5
"MEDITS-GSA18";2014;101;8;2;0.05;40.88292;17.53267;62.5
"MEDITS-GSA18";2014;134;8;2;0.05;40.93758;17.44875;73
"MEDITS-GSA18";2014;152;8;5;0.099;41.04058;17.866;589.5
"MEDITS-GSA18";2014;97;8;3;0.053;40.78083;18.00717;116.5
"MEDITS-GSA18";2014;98;8;5;0.102;40.76992;18.41525;524
"MEDITS-GSA18";2014;85;8;4;0.106;40.66067;18.606;447
"MEDITS-GSA18";2014;156;8;1;0.049;40.23592;18.48217;41.5
"MEDITS-GSA18";2014;84;8;3;0.053;40.59133;18.51258;117.5
"MEDITS-GSA18";2014;83;8;3;0.052;40.64717;18.44483;123
"MEDITS-GSA18";2014;93;8;3;0.051;40.66875;18.35658;120
"MEDITS-GSA18";2014;95;8;3;0.053;40.71083;18.26983;121
"MEDITS-GSA18";2014;76;8;2;0.049;40.28858;18.45292;78.5
"MEDITS-GSA18";2014;107;8;3;0.05;41.24633;16.97592;111.5
"MEDITS-GSA18";2014;157;8;3;0.053;40.42525;18.50392;110.5
"MEDITS-GSA18";2014;77;8;4;0.105;40.36858;18.61792;384.5
"MEDITS-GSA18";2014;78;8;5;0.099;40.43192;18.64008;574
"MEDITS-GSA18";2014;86;8;5;0.105;40.58633;18.62183;550
"MEDITS-GSA18";2014;88;8;2;0.05;40.59658;18.26325;91
"MEDITS-GSA18";2014;158;8;3;0.052;40.71817;18.10292;113
"MEDITS-GSA18";2014;154;8;2;0.05;40.75492;17.841;80
"MEDITS-GSA18";2014;131;8;3;0.053;40.85083;17.82717;103.5
"MEDITS-GSA18";2014;151;8;4;0.106;41.02067;17.83858;377.5
"MEDITS-GSA18";2014;80;8;1;0.048;41.12675;16.96383;44.5
"MEDITS-GSA18";2014;129;8;2;0.05;41.59292;16.522;78
"MEDITS-GSA18";2014;109;8;1;0.046;41.29858;16.55967;43
"MEDITS-GSA18";2014;112;8;2;0.049;41.3435;16.551;57
"MEDITS-GSA18";2014;123;8;1;0.049;41.58533;16.217;16
"MEDITS-GSA18";2014;121;8;1;0.05;41.71558;16.16133;11
"MEDITS-GSA18";2014;142;8;4;0.103;41.54542;17.07675;415.5
"MEDITS-GSA18";2015;156;7;1;0.048;40.24525;18.46867;36.5
"MEDITS-GSA18";2015;76;7;2;0.05;40.30242;18.44533;79.5
"MEDITS-GSA18";2015;88;7;2;0.051;40.59992;18.26008;90.5
"MEDITS-GSA18";2015;84;7;3;0.049;40.60108;18.50808;119
"MEDITS-GSA18";2015;157;7;3;0.052;40.4255;18.50658;111.5
"MEDITS-GSA18";2015;77;7;4;0.107;40.36433;18.61775;407.5
"MEDITS-GSA18";2015;78;7;5;0.099;40.46292;18.63975;592
"MEDITS-GSA18";2015;86;7;5;0.103;40.61925;18.61392;545.5
"MEDITS-GSA18";2015;85;7;4;0.107;40.677;18.53933;465.5
"MEDITS-GSA18";2015;98;7;5;0.102;40.77133;18.41183;525.5
"MEDITS-GSA18";2015;83;7;3;0.051;40.6485;18.44208;122.5
"MEDITS-GSA18";2015;93;7;3;0.054;40.66958;18.35525;117.5
"MEDITS-GSA18";2015;95;7;3;0.053;40.70975;18.23817;121
"MEDITS-GSA18";2015;158;7;3;0.053;40.71683;18.10308;112.5
"MEDITS-GSA18";2015;154;7;2;0.05;40.75958;17.82833;77.5
"MEDITS-GSA18";2015;109;7;1;0.048;41.29708;16.55742;42.5
"MEDITS-GSA18";2015;112;7;2;0.051;41.33508;16.561;56.5
"MEDITS-GSA18";2015;125;7;1;0.048;41.39675;16.405;35
"MEDITS-GSA18";2015;116;7;5;0.103;41.51283;17.16475;545
"MEDITS-GSA18";2015;147;7;3;0.05;41.6915;16.699;105
"MEDITS-GSA18";2015;148;7;3;0.051;41.60475;16.74883;108
"MEDITS-GSA18";2015;137;7;3;0.052;41.53642;16.85458;123.5
"MEDITS-GSA18";2015;110;7;3;0.048;41.43667;16.84075;111.5
"MEDITS-GSA18";2015;123;7;1;0.045;41.57842;16.22083;16.5
"MEDITS-GSA18";2015;121;7;1;0.046;41.71717;16.16175;10
"MEDITS-GSA18";2015;117;7;1;0.048;41.77542;16.33842;33
"MEDITS-GSA18";2015;126;7;2;0.048;41.71667;16.51558;83.5
"MEDITS-GSA18";2015;129;7;2;0.049;41.58817;16.52425;77.5
"MEDITS-GSA18";2015;160;7;2;0.048;41.49133;16.50142;67
"MEDITS-GSA18";2015;100;7;1;0.048;41.19017;16.75292;38
"MEDITS-GSA18";2015;105;7;2;0.051;41.18233;16.82717;54.5
"MEDITS-GSA18";2015;104;7;2;0.048;41.13258;17.05933;91.5
"MEDITS-GSA18";2015;107;7;3;0.05;41.24942;16.97108;112.5
"MEDITS-GSA18";2015;138;7;3;0.05;41.32292;16.85358;107
"MEDITS-GSA18";2015;135;7;1;0.048;41.01442;17.2185;32
"MEDITS-GSA18";2015;161;7;3;0.049;41.11417;17.31592;120.5
"MEDITS-GSA18";2015;150;7;3;0.052;41.04275;17.47783;132
"MEDITS-GSA18";2015;134;7;2;0.051;40.93083;17.45858;74
"MEDITS-GSA18";2015;101;7;2;0.051;40.87183;17.5535;60.5
"MEDITS-GSA18";2015;133;7;3;0.052;40.97033;17.60933;108.5
"MEDITS-GSA18";2015;132;7;3;0.052;40.90775;17.6735;104.5
"MEDITS-GSA18";2015;131;7;3;0.052;40.85067;17.82633;103
"MEDITS-GSA18";2015;151;7;4;0.107;41.02133;17.84;381
"MEDITS-GSA18";2015;152;7;5;0.103;41.04058;17.86633;563.5
"MEDITS-GSA18";2015;162;7;3;0.052;41.83383;16.7185;133.5
"MEDITS-GSA18";2015;146;7;3;0.052;41.919;16.76142;170.5
"MEDITS-GSA18";2015;139;7;4;0.107;41.91183;16.835;229.5
"MEDITS-GSA18";2015;143;7;5;0.101;42.02458;17.01567;588
"MEDITS-GSA18";2015;144;7;5;0.102;42.11833;17.02225;602
"MEDITS-GSA18";2015;145;7;4;0.109;42.16608;16.94975;377.5
"MEDITS-GSA18";2015;142;7;4;0.103;41.53775;17.08608;410
"MEDITS-GSA18";2015;80;7;1;0.047;41.12858;16.9555;37.5
"MEDITS-GSA18";2015;97;7;3;0.052;40.78733;17.99383;108
"MEDITS-GSA18";2016;76;8;2;0.051;40.29992;18.44675;77.5
"MEDITS-GSA18";2016;88;8;2;0.049;40.59492;18.26483;90.5
"MEDITS-GSA18";2016;83;8;3;0.052;40.63933;18.46042;123
"MEDITS-GSA18";2016;80;8;1;0.048;41.12817;16.95892;37
"MEDITS-GSA18";2016;77;8;4;0.108;40.36167;18.61825;406.5
"MEDITS-GSA18";2016;116;8;5;0.103;41.54067;17.16825;543.5
"MEDITS-GSA18";2016;142;8;4;0.111;41.52625;17.08983;398
"MEDITS-GSA18";2016;78;8;5;0.103;40.42092;18.63992;545.5
"MEDITS-GSA18";2016;84;8;3;0.054;40.592;18.52192;116.5
"MEDITS-GSA18";2016;86;8;5;0.099;40.61258;18.61608;580.5
"MEDITS-GSA18";2016;95;8;3;0.054;40.707;18.27817;120.5
"MEDITS-GSA18";2016;97;8;3;0.054;40.78733;17.99433;107
"MEDITS-GSA18";2016;98;8;5;0.1;40.784;18.38117;570
"MEDITS-GSA18";2016;101;8;2;0.05;40.88008;17.53817;61.5
"MEDITS-GSA18";2016;85;8;4;0.105;40.67133;18.5435;429
"MEDITS-GSA18";2016;93;8;3;0.046;40.66058;18.37258;117
"MEDITS-GSA18";2016;100;8;1;0.047;41.19142;16.75108;37
"MEDITS-GSA18";2016;109;8;1;0.048;41.29458;16.56342;42.5
"MEDITS-GSA18";2016;110;8;3;0.054;41.45617;16.85217;114.5
"MEDITS-GSA18";2016;112;8;2;0.051;41.33475;16.56108;56
"MEDITS-GSA18";2016;117;8;1;0.048;41.79625;16.323;29
"MEDITS-GSA18";2016;123;8;1;0.047;41.56725;16.22817;18
"MEDITS-GSA18";2016;125;8;1;0.048;41.38958;16.40967;34.5
"MEDITS-GSA18";2016;126;8;2;0.051;41.73642;16.50883;83
"MEDITS-GSA18";2016;129;8;2;0.051;41.61608;16.52275;79
"MEDITS-GSA18";2016;131;8;3;0.054;40.85208;17.82533;102.5
"MEDITS-GSA18";2016;104;8;2;0.049;41.13033;17.06133;86.5
"MEDITS-GSA18";2016;105;8;2;0.051;41.18117;16.82825;52.5
"MEDITS-GSA18";2016;107;8;3;0.053;41.247;16.97517;112.5
"MEDITS-GSA18";2016;132;8;3;0.054;40.90442;17.67983;103
"MEDITS-GSA18";2016;134;8;2;0.051;40.92625;17.46325;71
"MEDITS-GSA18";2016;135;8;1;0.048;41.01383;17.22192;32.5
"MEDITS-GSA18";2016;137;8;3;0.054;41.5525;16.87242;128
"MEDITS-GSA18";2016;138;8;3;0.054;41.32867;16.85417;107
"MEDITS-GSA18";2016;147;8;3;0.054;41.69683;16.70008;104
"MEDITS-GSA18";2016;150;8;3;0.05;41.04892;17.46783;132.5
"MEDITS-GSA18";2016;151;8;4;0.106;41.01933;17.84208;370.5
"MEDITS-GSA18";2016;133;8;3;0.054;40.97767;17.59525;109
"MEDITS-GSA18";2016;139;8;4;0.111;41.91517;16.83183;226.5
"MEDITS-GSA18";2016;143;8;5;0.107;41.99142;17.01608;571.5
"MEDITS-GSA18";2016;144;8;5;0.107;42.0915;17.02075;609
"MEDITS-GSA18";2016;145;8;4;0.108;42.15408;16.95875;393.5
"MEDITS-GSA18";2016;146;8;3;0.054;41.90267;16.76867;168
"MEDITS-GSA18";2016;156;8;1;0.048;40.24275;18.47208;33
"MEDITS-GSA18";2016;158;8;3;0.054;40.708;18.11725;114
"MEDITS-GSA18";2016;160;8;2;0.049;41.49483;16.50033;66
"MEDITS-GSA18";2016;152;8;5;0.103;41.05333;17.82483;560.5
"MEDITS-GSA18";2016;154;8;2;0.05;40.75933;17.83017;77.5
"MEDITS-GSA18";2016;161;8;3;0.051;41.123;17.30192;123.5
"MEDITS-GSA18";2016;162;8;3;0.053;41.81817;16.72667;132.5
"MEDITS-GSA18";2016;157;8;3;0.053;40.42033;18.50675;110
"MEDITS-GSA18";2016;148;8;3;0.054;41.6;16.7485;106.5
"MEDITS-GSA18";2016;121;8;1;0.047;41.71242;16.15692;10
"MEDITS-GSA18";2017;100;10;1;0.046;41.20283;16.72492;39
"MEDITS-GSA18";2017;158;10;3;0.053;40.70717;18.11867;114
"MEDITS-GSA18";2017;121;10;1;0.047;41.72308;16.17367;10
"MEDITS-GSA18";2017;139;10;4;0.109;41.9155;16.83217;225.5
"MEDITS-GSA18";2017;146;10;3;0.051;41.9125;16.76325;168
"MEDITS-GSA18";2017;148;10;3;0.046;41.61442;16.73475;105.5
"MEDITS-GSA18";2017;125;10;1;0.047;41.39683;16.40392;34
"MEDITS-GSA18";2017;117;10;1;0.047;41.79167;16.32658;29.5
"MEDITS-GSA18";2017;160;10;2;0.05;41.49225;16.5015;67
"MEDITS-GSA18";2017;116;10;5;0.099;41.51083;17.16608;542.5
"MEDITS-GSA18";2017;142;10;4;0.106;41.53458;17.08458;401
"MEDITS-GSA18";2017;138;10;3;0.051;41.31142;16.85833;105.5
"MEDITS-GSA18";2017;105;10;2;0.05;41.17942;16.83233;51
"MEDITS-GSA18";2017;107;10;3;0.053;41.23942;16.9885;112
"MEDITS-GSA18";2017;161;10;3;0.052;41.11008;17.32167;119
"MEDITS-GSA18";2017;150;10;3;0.051;41.04033;17.48292;129.5
"MEDITS-GSA18";2017;133;10;3;0.052;40.9705;17.60983;106.5
"MEDITS-GSA18";2017;152;10;5;0.104;41.03908;17.86742;570.5
"MEDITS-GSA18";2017;132;10;3;0.051;40.91008;17.666;102
"MEDITS-GSA18";2017;101;10;2;0.05;40.8735;17.55158;60
"MEDITS-GSA18";2017;131;10;3;0.05;40.84942;17.83142;102.5
"MEDITS-GSA18";2017;151;10;4;0.107;41.00967;17.8695;297
"MEDITS-GSA18";2017;98;10;5;0.1;40.77142;18.41;520.5
"MEDITS-GSA18";2017;154;10;2;0.049;40.75325;17.84742;78.5
"MEDITS-GSA18";2017;97;10;3;0.053;40.77992;18.00908;109.5
"MEDITS-GSA18";2017;134;10;2;0.05;40.9275;17.46225;71.5
"MEDITS-GSA18";2017;78;10;5;0.101;40.435;18.64025;571
"MEDITS-GSA18";2017;77;10;4;0.105;40.3645;18.61875;410
"MEDITS-GSA18";2017;157;10;3;0.052;40.42325;18.50508;109.5
"MEDITS-GSA18";2017;156;10;1;0.045;40.246;18.46808;34.5
"MEDITS-GSA18";2017;76;10;2;0.05;40.30592;18.44458;78.5
"MEDITS-GSA18";2017;84;10;3;0.052;40.6015;18.50717;118
"MEDITS-GSA18";2017;83;10;3;0.053;40.64925;18.44058;122
"MEDITS-GSA18";2017;109;10;1;0.047;41.30833;16.54442;41.5
"MEDITS-GSA18";2017;112;10;2;0.05;41.32483;16.56842;54
"MEDITS-GSA18";2017;145;10;4;0.104;42.15325;16.95917;392
"MEDITS-GSA18";2017;144;10;5;0.102;42.097;17.02092;608
"MEDITS-GSA18";2017;143;10;5;0.104;41.99425;17.01617;578
"MEDITS-GSA18";2017;162;10;3;0.052;41.83283;16.71983;132
"MEDITS-GSA18";2017;126;10;2;0.05;41.725;16.51367;82
"MEDITS-GSA18";2017;137;10;3;0.053;41.55392;16.87375;128.5
"MEDITS-GSA18";2017;110;10;3;0.051;41.43875;16.84058;111
"MEDITS-GSA18";2017;104;10;2;0.05;41.12725;17.07242;85.5
"MEDITS-GSA18";2017;135;10;1;0.046;41.00858;17.23467;35.5
"MEDITS-GSA18";2017;123;10;1;0.047;41.58183;16.21925;16
"MEDITS-GSA18";2017;147;10;3;0.052;41.71;16.69525;103
"MEDITS-GSA18";2017;129;10;2;0.05;41.59125;16.52433;77.5
"MEDITS-GSA18";2017;95;10;3;0.053;40.70517;18.28158;120
"MEDITS-GSA18";2017;85;10;4;0.103;40.65992;18.56508;441
"MEDITS-GSA18";2017;86;10;5;0.096;40.58658;18.62217;544.5
"MEDITS-GSA18";2017;93;10;3;0.053;40.67142;18.35;117
"MEDITS-GSA18";2017;88;10;2;0.049;40.58325;18.278;90.5
"MEDITS-GSA18";2017;80;10;1;0.047;41.12142;16.97875;37
"MEDITS-GSA18";2018;109;7;1;0.046;41.29742;16.55883;42
"MEDITS-GSA18";2018;129;7;2;0.045;41.5975;16.52433;79.5
"MEDITS-GSA18";2018;154;7;2;0.049;40.76083;17.82892;80
"MEDITS-GSA18";2018;77;7;4;0.107;40.38692;18.61842;361
"MEDITS-GSA18";2018;80;7;1;0.045;41.13067;16.95383;41.5
"MEDITS-GSA18";2018;83;7;3;0.055;40.64975;18.44067;124.5
"MEDITS-GSA18";2018;160;7;2;0.05;41.49925;16.49842;68
"MEDITS-GSA18";2018;93;7;3;0.055;40.66675;18.3605;119.5
"MEDITS-GSA18";2018;157;8;3;0.055;40.41242;18.51267;112
"MEDITS-GSA18";2018;158;7;3;0.051;40.71542;18.10758;113
"MEDITS-GSA18";2018;161;7;3;0.052;41.1135;17.31783;121.5
"MEDITS-GSA18";2018;138;7;3;0.052;41.31808;16.85725;107
"MEDITS-GSA18";2018;156;7;1;0.048;40.24633;18.46833;41
"MEDITS-GSA18";2018;146;7;3;0.052;41.91833;16.76175;171
"MEDITS-GSA18";2018;147;7;3;0.054;41.69892;16.69642;104.5
"MEDITS-GSA18";2018;148;7;3;0.049;41.60625;16.74267;107.5
"MEDITS-GSA18";2018;150;7;3;0.05;41.0405;17.48308;135
"MEDITS-GSA18";2018;151;7;4;0.106;41.01967;17.84417;369.5
"MEDITS-GSA18";2018;152;7;5;0.1;41.04117;17.85925;597.5
"MEDITS-GSA18";2018;84;8;3;0.055;40.58275;18.52125;118
"MEDITS-GSA18";2018;85;7;4;0.106;40.67725;18.541;427.5
"MEDITS-GSA18";2018;86;7;5;0.101;40.61225;18.61567;582.5
"MEDITS-GSA18";2018;88;7;2;0.052;40.59292;18.26633;91.5
"MEDITS-GSA18";2018;98;7;5;0.099;40.77275;18.40917;565
"MEDITS-GSA18";2018;101;7;2;0.051;40.8805;17.53967;63.5
"MEDITS-GSA18";2018;105;7;2;0.048;41.1845;16.82208;56
"MEDITS-GSA18";2018;107;7;3;0.054;41.2415;16.98492;113.5
"MEDITS-GSA18";2018;110;7;3;0.052;41.4365;16.83542;109.5
"MEDITS-GSA18";2018;112;7;2;0.05;41.34433;16.54758;55.5
"MEDITS-GSA18";2018;116;7;5;0.099;41.50608;17.16275;533
"MEDITS-GSA18";2018;117;7;1;0.046;41.78533;16.33217;32
"MEDITS-GSA18";2018;121;7;1;0.049;41.71242;16.15667;10
"MEDITS-GSA18";2018;123;7;1;0.049;41.58033;16.22333;18
"MEDITS-GSA18";2018;144;7;5;0.098;42.09008;17.02142;614.5
"MEDITS-GSA18";2018;125;7;1;0.044;41.39775;16.40625;36
"MEDITS-GSA18";2018;126;7;2;0.045;41.73225;16.51183;83
"MEDITS-GSA18";2018;131;7;3;0.054;40.85442;17.81933;103
"MEDITS-GSA18";2018;132;7;3;0.054;40.906;17.67292;104
"MEDITS-GSA18";2018;133;7;3;0.056;40.97683;17.5965;110.5
"MEDITS-GSA18";2018;134;7;2;0.048;40.9335;17.45467;75
"MEDITS-GSA18";2018;135;7;1;0.049;41.01275;17.231;38
"MEDITS-GSA18";2018;137;7;3;0.053;41.565;16.8835;136
"MEDITS-GSA18";2018;139;7;4;0.109;41.91092;16.8315;226
"MEDITS-GSA18";2018;142;7;4;0.104;41.532;17.0865;403.5
"MEDITS-GSA18";2018;143;7;5;0.099;41.99258;17.01733;592
"MEDITS-GSA18";2018;145;7;4;0.109;42.15633;16.95883;403.5
"MEDITS-GSA18";2018;162;7;3;0.054;41.82158;16.72625;135
"MEDITS-GSA18";2018;104;7;2;0.049;41.12925;17.06508;90.5
"MEDITS-GSA18";2018;95;7;3;0.056;40.70975;18.27367;119.5
"MEDITS-GSA18";2018;97;7;3;0.055;40.78208;18.00325;108.5
"MEDITS-GSA18";2018;100;7;1;0.044;41.19275;16.75658;42
"MEDITS-GSA18";2018;76;8;2;0.053;40.28933;18.45283;79
"MEDITS-GSA18";2018;78;7;5;0.1;40.45733;18.64008;585
"MEDITS-GSA18";2019;109;6;1;0.046;41.29625;16.56042;43
"MEDITS-GSA18";2019;125;6;1;0.045;41.39608;16.40608;35.5
"MEDITS-GSA18";2019;129;6;2;0.051;41.60692;16.5225;78
"MEDITS-GSA18";2019;147;6;3;0.053;41.69883;16.69883;104.5
"MEDITS-GSA18";2019;148;6;3;0.05;41.61075;16.741;107.5
"MEDITS-GSA18";2019;112;6;2;0.048;41.33617;16.55608;56
"MEDITS-GSA18";2019;160;6;2;0.049;41.49292;16.5005;68
"MEDITS-GSA18";2019;123;6;1;0.048;41.57292;16.22467;19.5
"MEDITS-GSA18";2019;121;6;1;0.047;41.71308;16.15875;10.5
"MEDITS-GSA18";2019;117;6;1;0.046;41.78908;16.3285;34
"MEDITS-GSA18";2019;126;6;2;0.049;41.72358;16.51158;82.5
"MEDITS-GSA18";2019;138;6;3;0.052;41.3205;16.85542;107
"MEDITS-GSA18";2019;110;6;3;0.052;41.45725;16.84617;114.5
"MEDITS-GSA18";2019;142;6;4;0.103;41.52825;17.08908;402
"MEDITS-GSA18";2019;116;6;5;0.094;41.53417;17.17058;554.5
"MEDITS-GSA18";2019;137;6;3;0.054;41.55642;16.8775;132
"MEDITS-GSA18";2019;146;6;3;0.051;41.90658;16.76633;168
"MEDITS-GSA18";2019;145;6;4;0.103;42.1575;16.95817;401
"MEDITS-GSA18";2019;144;6;5;0.098;42.09692;17.02225;614.5
"MEDITS-GSA18";2019;143;6;5;0.099;41.99308;17.01567;574
"MEDITS-GSA18";2019;139;6;4;0.108;41.92267;16.82892;228
"MEDITS-GSA18";2019;162;6;3;0.051;41.82475;16.72275;133
"MEDITS-GSA18";2019;100;6;1;0.045;41.1925;16.74833;39
"MEDITS-GSA18";2019;161;6;3;0.052;41.11342;17.3165;118.5
"MEDITS-GSA18";2019;105;6;2;0.052;41.18333;16.82192;53.5
"MEDITS-GSA18";2019;107;6;3;0.051;41.2405;16.98758;113.5
"MEDITS-GSA18";2019;80;6;1;0.049;41.12783;16.96;39
"MEDITS-GSA18";2019;104;6;2;0.051;41.12658;17.07275;89
"MEDITS-GSA18";2019;150;6;3;0.05;41.04442;17.47383;132
"MEDITS-GSA18";2019;134;6;2;0.051;40.93283;17.45567;73.5
"MEDITS-GSA18";2019;135;6;1;0.045;41.01317;17.225;34.5
"MEDITS-GSA18";2019;132;6;3;0.052;40.90833;17.671;104
"MEDITS-GSA18";2019;101;6;2;0.049;40.878;17.54175;62
"MEDITS-GSA18";2019;152;7;5;0.1;41.046;17.84867;544.5
"MEDITS-GSA18";2019;97;7;3;0.053;40.78842;17.99183;109
"MEDITS-GSA18";2019;154;7;2;0.05;40.75825;17.83308;80
"MEDITS-GSA18";2019;133;7;3;0.053;40.97058;17.60292;108.5
"MEDITS-GSA18";2019;151;7;4;0.105;41.01283;17.85858;322.5
"MEDITS-GSA18";2019;131;7;3;0.052;40.85525;17.81258;105
"MEDITS-GSA18";2019;158;7;3;0.054;40.71375;18.1095;112.5
"MEDITS-GSA18";2019;93;7;3;0.053;40.66408;18.36508;119.5
"MEDITS-GSA18";2019;88;7;2;0.051;40.59075;18.26925;91.5
"MEDITS-GSA18";2019;85;7;4;0.108;40.6635;18.56017;437.5
"MEDITS-GSA18";2019;95;7;3;0.053;40.71075;18.26842;121
"MEDITS-GSA18";2019;98;7;5;0.103;40.777;18.39633;583.5
"MEDITS-GSA18";2019;157;7;3;0.053;40.41075;18.51183;110
"MEDITS-GSA18";2019;76;7;2;0.053;40.30058;18.4465;79.5
"MEDITS-GSA18";2019;77;7;4;0.108;40.37708;18.61825;391
"MEDITS-GSA18";2019;78;7;5;0.104;40.44883;18.64042;561
"MEDITS-GSA18";2019;156;7;1;0.047;40.241;18.47392;38
"MEDITS-GSA18";2019;86;7;5;0.1;40.61058;18.61725;596.5
"MEDITS-GSA18";2019;83;7;3;0.052;40.64217;18.4545;124.5
"MEDITS-GSA18";2019;84;7;3;0.053;40.58967;18.51433;118.5
"MEDITS-GSA18";2020;110;11;3;0.053;41.44417;16.8405;113
"MEDITS-GSA18";2020;121;11;1;0.045;41.713;16.15783;10
"MEDITS-GSA18";2020;142;11;4;0.105;41.53375;17.08525;405.5
"MEDITS-GSA18";2020;148;11;3;0.052;41.60933;16.74333;108
"MEDITS-GSA18";2020;105;11;2;0.05;41.18317;16.82408;55
"MEDITS-GSA18";2020;145;11;4;0.105;42.16033;16.95467;395.5
"MEDITS-GSA18";2020;143;11;5;0.103;42.00025;17.01542;574
"MEDITS-GSA18";2020;139;11;4;0.11;41.91925;16.83175;229
"MEDITS-GSA18";2020;144;11;5;0.099;42.09867;17.02192;610.5
"MEDITS-GSA18";2020;162;11;3;0.054;41.82508;16.72367;134.5
"MEDITS-GSA18";2020;147;11;3;0.053;41.70375;16.69775;104.5
"MEDITS-GSA18";2020;146;11;3;0.052;41.91683;16.76225;170
"MEDITS-GSA18";2020;126;11;2;0.049;41.727;16.51183;83
"MEDITS-GSA18";2020;158;11;3;0.052;40.71608;18.10783;113
"MEDITS-GSA18";2020;117;11;1;0.046;41.78817;16.32908;31.5
"MEDITS-GSA18";2020;77;11;4;0.107;40.38267;18.61917;386.5
"MEDITS-GSA18";2020;78;11;5;0.101;40.4505;18.64083;560
"MEDITS-GSA18";2020;95;11;3;0.05;40.71067;18.27083;120
"MEDITS-GSA18";2020;98;11;5;0.103;40.77292;18.41067;529.5
"MEDITS-GSA18";2020;97;11;3;0.051;40.78992;17.99217;109
"MEDITS-GSA18";2020;123;11;1;0.047;41.58108;16.21958;17
"MEDITS-GSA18";2020;93;11;3;0.053;40.66808;18.35958;119.5
"MEDITS-GSA18";2020;131;11;3;0.052;40.8555;17.81842;104
"MEDITS-GSA18";2020;129;11;2;0.05;41.60192;16.52283;79
"MEDITS-GSA18";2020;156;11;1;0.046;40.24375;18.47325;39.5
"MEDITS-GSA18";2020;154;11;2;0.05;40.75933;17.83183;79
"MEDITS-GSA18";2020;160;11;2;0.05;41.49392;16.50075;68
"MEDITS-GSA18";2020;76;11;2;0.049;40.29833;18.44958;81
"MEDITS-GSA18";2020;125;11;1;0.047;41.39275;16.40767;35.5
"MEDITS-GSA18";2020;132;11;3;0.053;40.90933;17.67217;105
"MEDITS-GSA18";2020;157;11;3;0.052;40.41908;18.50858;112
"MEDITS-GSA18";2020;112;11;2;0.05;41.33725;16.55817;57
"MEDITS-GSA18";2020;100;11;1;0.047;41.19333;16.74767;40
"MEDITS-GSA18";2020;86;11;5;0.102;40.61192;18.61692;588
"MEDITS-GSA18";2020;85;11;4;0.108;40.67658;18.542;462.5
"MEDITS-GSA18";2020;84;11;3;0.052;40.59092;18.5135;118.5
"MEDITS-GSA18";2020;83;11;3;0.052;40.64367;18.45267;122.5
"MEDITS-GSA18";2020;88;11;2;0.05;40.591;18.27042;90.5
"MEDITS-GSA18";2020;101;11;2;0.049;40.87792;17.54317;62
"MEDITS-GSA18";2020;152;11;5;0.104;41.05067;17.83817;560.5
"MEDITS-GSA18";2020;151;11;4;0.106;41.01783;17.84833;361
"MEDITS-GSA18";2020;133;11;3;0.052;40.97475;17.603;110.5
"MEDITS-GSA18";2020;150;11;3;0.048;41.04617;17.4725;133
"MEDITS-GSA18";2020;134;11;2;0.05;40.93142;17.45792;74.5
"MEDITS-GSA18";2020;135;11;1;0.047;41.0145;17.22025;34
"MEDITS-GSA18";2020;161;11;3;0.05;41.12008;17.30692;124
"MEDITS-GSA18";2020;104;11;2;0.049;41.12975;17.06475;91.5
"MEDITS-GSA18";2020;80;11;1;0.047;41.12883;16.95525;38
"MEDITS-GSA18";2020;107;11;3;0.052;41.2445;16.98025;113
"MEDITS-GSA18";2020;138;11;3;0.053;41.32517;16.85425;107
"MEDITS-GSA18";2020;116;11;5;0.099;41.53575;17.16708;551
"MEDITS-GSA18";2020;137;11;3;0.053;41.55708;16.87725;132
"MEDITS-GSA18";2020;109;11;1;0.049;41.29125;16.56808;43.5
