"HAUL_NUMBER";"GENUS";"SPECIES";"WEIGHT_OF_THE_SAMPLE_MEASURED";"ESTIMATED_WEIGHT";"perc_diff"
76;"TRAC";"MED";1;0.918348069131592;8.89117466600871
156;"TRAC";"TRA";1;0.99214564559771;0.791653366331902
83;"HELI";"DAC";2;1.667274667627;19.9562398945679
158;"HELI";"DAC";2;1.19226658708918;67.7477186442695
158;"PAPE";"LON";2;3.82537730262935;-47.7175755022829
147;"PHYI";"BLE";3;2.53462491561732;18.3607081866523
139;"SCYO";"CAN";3;1.85372479796312;61.8363202184279
133;"ASPI";"CUC";4;3.72099544424041;7.49811602675961
154;"PAGE";"BOG";5;3.97588712328811;25.7580973743777
125;"TRIS";"CAP";5;2.69038520462497;85.8469928917476
146;"TRIS";"CAP";5;4.11759936372678;21.4299779635328
137;"HELI";"DAC";5;2.85954125471618;74.8532213603705
162;"EUTR";"GUR";5;4.43799914767115;12.663383511999
160;"SQUI";"MAN";5;6.614733268259;-24.4111622158273
121;"LOLI";"VUL";5;5.06206849579995;-1.2261488727672
80;"PAGE";"BOG";6;4.94333660492794;21.3755096915449
133;"TRIS";"CAP";6;4.99216920910738;20.1882337853053
150;"TRIS";"CAP";6;10.9255839320785;-45.0830267992959
121;"SEPI";"OFF";7;4.76998935823621;46.7508515068968
112;"SPIC";"SMA";7;10.6625815342778;-34.349857232073
160;"PAPE";"LON";8;7.9217159977141;0.988220258192637
112;"EUTR";"GUR";9;10.0819888584024;-10.7318989695239
137;"PHYI";"BLE";10;9.9047315842316;0.961847526691869
132;"ASPI";"CUC";10;8.91238865990575;12.2033652435637
84;"HELI";"DAC";10;10.1158737303467;-1.14546438039317
150;"HELI";"DAC";10;15.3185492580906;-34.7196667809883
121;"PAGE";"ERY";10;11.1337102493658;-10.1826814599413
133;"SPIC";"FLE";10;16.303905242605;-38.6650017207643
160;"SPIC";"FLE";10;16.303905242605;-38.6650017207643
142;"ARIS";"FOL";10;10.1050080557818;-1.03916845194086
95;"EUTR";"GUR";10;7.44893668168036;34.2473486798945
88;"TRIP";"LAS";10;6.36002157350386;57.2321710615018
116;"PAPE";"LON";10;10.7886783923941;-7.31024101107804
123;"SCOM";"PNE";10;8.3565466706323;19.6666565046941
146;"SPIC";"SMA";10;12.1011922150067;-17.3635140874878
157;"SPIC";"SMA";10;12.1011922150067;-17.3635140874878
117;"TRAC";"TRA";10;10.5346647654625;-5.07528979199602
80;"SPIC";"FLE";12;14.2646380718518;-15.8758887568313
105;"SPIC";"FLE";12;12.4048413705552;-3.26357555459086
148;"PAPE";"LON";13;12.6617695118438;2.67127345699864
100;"TRIG";"LUC";13;19.2637317669681;-32.5156716400538
117;"MULL";"BAR";15;17.2734463911111;-13.1615100984192
83;"PHYI";"BLE";15;12.9424978042627;15.8972574448466
76;"PAGE";"BOG";15;13.0312711396014;15.1077269385923
135;"BOOP";"BOO";15;22.5083427881603;-33.358043543347
148;"BOOP";"BOO";15;17.6540131794608;-15.0334836191724
154;"BOOP";"BOO";15;15.5219937630924;-3.36292985978083
145;"LOPH";"BUD";15;11.4467483611728;31.041580776597
145;"TRIS";"CAP";15;11.2828334747941;32.9453282591656
121;"SPIC";"FLE";15;24.5549041175408;-38.9124065473962
88;"PAPE";"LON";15;15.1442034646507;-0.952202372262666
126;"PAPE";"LON";15;14.5106734892983;3.37218331776666
162;"PAPE";"LON";15;17.5550187549573;-14.5543493323571
162;"CITH";"MAC";15;17.8720497094643;-16.0700633455791
121;"LITH";"MOR";15;NA;NA
142;"NEPR";"NOR";15;16.8455383351183;-10.955650679746
109;"SCOM";"PNE";15;20.8418479936921;-28.029414644326
148;"SCOM";"PNE";15;16.499317464277;-9.08714840794572
138;"PHYI";"BLE";17;16.5736002885552;2.57276454132436
137;"PAPE";"LON";18;14.5935887111794;23.3418342550048
133;"SCOM";"PNE";18;18.9725709087388;-5.12619461757218
134;"PAPE";"LON";19;16.6521096419965;14.0996570913882
76;"PAGE";"ACA";20;35.4013410448636;-43.504965038883
112;"MULL";"BAR";20;22.6998971282256;-11.8938738487431
146;"PHYI";"BLE";20;16.5736002885552;20.6738406368522
76;"BOOP";"BOO";20;22.5083427881603;-11.144058057796
80;"BOOP";"BOO";20;22.5083427881603;-11.144058057796
104;"BOOP";"BOO";20;19.9797018726325;0.101593744976353
105;"BOOP";"BOO";20;22.5083427881603;-11.144058057796
132;"BOOP";"BOO";20;17.6540131794608;13.2886885077702
134;"ELED";"CIR";20;13.8292656487425;44.620838936727
152;"ELED";"CIR";20;12.6440876417664;58.1766954377572
147;"ASPI";"CUC";20;26.8368795902481;-25.4756875413058
93;"HELI";"DAC";20;25.5289773692791;-21.6576531417688
146;"HELI";"DAC";20;19.5630681039117;2.23345281919724
105;"PAGE";"ERY";20;28.0899144049628;-28.8000678404826
97;"PAPE";"LON";20;25.5890752683958;-21.841646131303
105;"MERL";"MER";20;16.3698451860456;22.1758652736001
86;"CHIM";"MON";20;9.23890617172881;116.47584279187
93;"SARD";"PIL";20;23.2595502893513;-14.0138147505095
110;"SARD";"PIL";20;28.8555832129086;-30.689323267419
117;"SCOM";"PNE";20;14.5677035511053;37.2899985906322
147;"SCOM";"PNE";20;23.7169984785188;-15.6722971580295
112;"SCOM";"SCO";20;21.3308777921211;-6.23920780518802
97;"SPIC";"SMA";20;22.7637737492845;-12.141105335715
129;"SPIC";"SMA";20;10.6625815342778;87.5718364797913
76;"LOLI";"VUL";20;20.5588519063482;-2.71830308858654
131;"LOLI";"VUL";20;32.8797344062705;-39.1722580454123
77;"ARIT";"ANT";21;32.0226708203681;-34.4214599781511
116;"ARIS";"FOL";22;24.5822220073509;-10.5044287964642
112;"TRAC";"TRA";22;23.0509297459807;-4.55916424006242
107;"EUTR";"GUR";24;32.206415976605;-25.4806867754743
88;"PAGE";"ACA";25;41.541022239826;-39.8185247929886
135;"PAGE";"ACA";25;26.5521266363329;-5.84558313385341
154;"MULL";"BAR";25;25.4513298761962;-1.77330567161581
93;"PHYI";"BLE";25;20.8579892631764;19.8581497217281
83;"TRIS";"CAP";25;22.3029247786995;12.0929216596576
157;"TRIS";"CAP";25;31.6220181024154;-20.9411622021354
131;"ELED";"CIR";25;18.1030878275041;38.09798769256
107;"ASPI";"CUC";25;37.1259888884264;-32.6617263310299
129;"PAPE";"LON";25;18.8864914279656;32.3697421268096
154;"PAPE";"LON";25;23.2918496908338;7.33368251916236
156;"SEPI";"OFF";25;31.0096574553559;-19.3799543384442
76;"SPAR";"PAG";25;20.4663691903063;22.1516125676119
110;"SCOM";"PNE";25;43.1407123275138;-42.0500991958452
148;"SPIC";"SMA";25;34.1431882415994;-26.7789527354669
126;"TRAC";"TRA";25;32.7120505948642;-23.575564523231
117;"LOLI";"VUL";25;36.4833579390874;-31.4756058317329
125;"LOLI";"VUL";25;23.2625411869974;7.46891235585963
107;"PHYI";"BLE";26;25.7200251071924;1.08854828733925
109;"SPIC";"SMA";26;24.3242277542499;6.88931325047831
105;"TRIS";"CAP";27;30.3876407961916;-11.1480875363519
104;"ASPI";"CUC";27;21.5174157556591;25.4797523392138
109;"PAGE";"ERY";27;31.3962888910748;-14.0025749741543
110;"PAPE";"LON";27;20.1296621224474;34.1304182641559
112;"BOOP";"BOO";28;31.405941770037;-10.844896150468
76;"TRIS";"CAP";28;28.3804056990969;-1.34038146998388
150;"ELED";"CIR";28;31.9323534762466;-12.314637188179
107;"SCOM";"PNE";28;32.7491521534663;-14.5016033734591
109;"TRAC";"TRA";28;50.8317043181437;-44.9162675625539
134;"PAGE";"ACA";30;33.2846298731243;-9.86830824210692
126;"MULL";"BAR";30;30.0249977370211;-0.0832564160040294
97;"PHYI";"BLE";30;23.2642340744287;28.9533104937893
121;"PAGE";"BOG";30;44.3200939741789;-32.3106128396791
129;"BOOP";"BOO";30;22.5083427881603;33.283912913306
161;"LOPH";"BUD";30;25.5612073523177;17.3653481484699
78;"HELI";"DAC";30;29.0044798691782;3.43229782196393
110;"SPIC";"FLE";30;37.7187927980491;-20.4640504784351
121;"TRIG";"LUC";30;32.8651044144215;-8.71777061254149
126;"SCOM";"PNE";30;33.5467799406586;-10.5726390041982
129;"SCOM";"PNE";30;45.1067160976186;-33.491057218453
131;"SPIC";"SMA";30;20.0036656687918;49.9725125220609
154;"SPIC";"SMA";30;26.0112371349851;15.3347679862945
129;"TRAC";"TRA";30;36.0775940027886;-16.8458961047092
76;"TRIG";"LUC";32;61.3597594860093;-47.8485569890534
107;"TRAC";"TRA";32;39.352770735397;-18.6842517006899
132;"PAPE";"LON";33;31.6941242041775;4.12024571939535
105;"SPIC";"SMA";34;20.0925097787565;69.2172873094616
107;"SPIC";"SMA";34;63.6927101920954;-46.6186948279372
133;"PAGE";"ACA";35;41.541022239826;-15.745934710184
138;"PAGE";"ACA";35;41.541022239826;-15.745934710184
147;"PAGE";"ACA";35;51.0970174930424;-31.5028514046525
148;"PAGE";"ACA";35;46.1501942481948;-24.16066590799
129;"MULL";"BAR";35;50.9026597523925;-31.2413139701311
156;"MULL";"BAR";35;43.5553834908234;-19.6425396934592
95;"PHYI";"BLE";35;29.516098092818;18.5793592701077
161;"PAGE";"BOG";35;52.5961181591359;-33.4551650863219
109;"SPIC";"FLE";35;34.1701269600546;2.42865073611091
126;"SPIC";"FLE";35;23.1208136044125;51.3787559505276
125;"TRIP";"LAS";35;36.8031514741029;-4.89944855774569
104;"TRAC";"MED";35;30.9246865760871;13.1781882861967
95;"NEPR";"NOR";35;31.3061693821618;11.7990501257012
123;"SPAR";"PAG";35;20.3185305381964;72.2565513987549
93;"SPIC";"SMA";35;42.5770046703958;-17.7960021590344
95;"SPIC";"SMA";35;36.5645385771095;-4.27884129813388
135;"OCTO";"VUL";35;26.3163014734423;32.997412403567
112;"TRIS";"CAP";36;35.510398073082;1.37875651495208
112;"MERL";"MER";36;40.7541094236156;-11.6653498036218
134;"TRAC";"TRA";38;43.3700638795037;-12.3819598108582
93;"PAGE";"ACA";40;51.0970174930424;-21.71754446246
95;"BOOP";"BOO";40;61.0514203967779;-34.4814588423383
147;"BOOP";"BOO";40;46.6867852775888;-14.3226509125243
126;"ASPI";"CUC";40;41.3367531797296;-3.23381271363411
162;"HELI";"DAC";40;38.1548326453115;4.83599907734149
160;"PAGE";"ERY";40;47.1521318703622;-15.1682046742359
143;"ARIS";"FOL";40;49.4519290616531;-19.1133677512743
88;"EUTR";"GUR";40;31.4993940171234;26.9865698948225
137;"EUTR";"GUR";40;32.9419803786008;21.4256081154856
138;"EUTR";"GUR";40;39.8681321593943;0.330760016743346
135;"SQUI";"MAN";40;34.1117645212428;17.2615974617507
135;"SPIC";"SMA";40;28.023252403542;42.7386065828112
138;"SPIC";"SMA";40;27.4739586957728;45.5924151409403
110;"PHYI";"BLE";45;35.2039392286563;27.8266040277946
131;"PHYI";"BLE";45;31.632433416545;42.2590523069376
93;"TRIS";"CAP";45;44.5859549152205;0.928644649569055
137;"TRIS";"CAP";45;43.6626887723518;3.06282380963908
107;"PAGE";"ERY";45;56.6627571262989;-20.5827561484576
104;"PAPE";"LON";45;47.5748760629702;-5.41226015925324
76;"SQUI";"MAN";45;59.8999992891652;-24.874790427352
147;"SPIC";"SMA";45;53.7813419294198;-16.3278594664745
131;"TRAC";"TRA";45;41.5855950587315;8.21054727351227
146;"TRAC";"TRA";45;45.1076389884553;-0.23862696179427
156;"ENGR";"ENC";48;42.2392794029114;13.6383022592274
156;"PAGE";"ERY";48;67.6564543208366;-29.0533320407583
109;"MERL";"MER";48;47.7276443867431;0.570645412645857
143;"PAGE";"ACA";50;41.541022239826;20.3629504140229
157;"PHYI";"BLE";50;46.0215530843026;8.64474718706185
84;"TRIS";"CAP";50;46.9249023846525;6.55323177902488
162;"ENGR";"ENC";50;51.7548004374081;-3.39060420014627
129;"SPIC";"FLE";50;52.1630729363536;-4.14675135989951
143;"PAPE";"LON";50;92.8521144865528;-46.1509301360701
157;"LOPH";"PIS";50;37.2468510216938;34.2395360372301
132;"TRAC";"TRA";50;33.2880502292898;50.204051170307
100;"DIPL";"ANN";52;68.0441639488833;-23.5790448699408
148;"PHYI";"BLE";55;37.9443983928954;44.9489314088007
156;"BOOP";"BOO";55;57.8163691470819;-4.87123143260203
137;"ASPI";"CUC";55;51.9631023243102;5.84433480652495
117;"ENGR";"ENC";55;62.7725529486985;-12.382088322982
131;"PAPE";"LON";55;56.2596781992567;-2.23904266710394
104;"SQUI";"MAN";55;52.7812077946897;4.20375413526156
129;"NEPR";"NOR";55;54.2375284428616;1.40580070484163
161;"SARD";"PIL";55;70.2930565901254;-21.7561411211612
150;"SPIC";"SMA";55;54.5495485243825;0.825765726394939
110;"NEPR";"NOR";56;58.8130007543628;-4.78295737044861
105;"MULL";"BAR";59;61.4237595110714;-3.94596411936407
104;"PAGE";"ACA";60;56.3943249779483;6.39368415786797
162;"TRIS";"CAP";60;60.0161798429641;-0.0269591350307044
98;"ILLE";"COI";60;78.1571552411747;-23.2315968834152
147;"EUTR";"GUR";60;67.780921405587;-11.4795155395242
131;"TRIP";"LAS";60;52.3378987116069;14.6396807609968
160;"MERL";"MER";60;67.7944367383691;-11.4971627663922
126;"SARD";"PIL";60;55.9247429731833;7.28703756183713
97;"LOPH";"PIS";60;54.9472978767706;9.19554248975256
83;"PAGE";"ACA";65;84.3816473661667;-22.969031739878
110;"TRIS";"CAP";65;66.8464800713873;-2.76226971026058
121;"ILLE";"COI";65;46.0320109710638;41.2060838290546
76;"SPIC";"FLE";65;74.6445169502212;-12.9205966416166
121;"DIPL";"VUL";65;79.6467157698498;-18.3896041767415
123;"LOLI";"VUL";65;65.5330884754089;-0.81346459904587
100;"BOOP";"BOO";67;61.0343078916262;9.77432580863637
151;"LOPH";"BUD";68;51.3572328314497;32.4058876442398
112;"ILLE";"COI";68;77.6593879448162;-12.4381458577552
162;"PAGE";"ACA";70;83.406928328931;-16.074118298732
131;"BOOP";"BOO";70;90.8075827526649;-22.9139264827025
157;"BOOP";"BOO";70;66.4456626555506;5.34923906602422
138;"TRIS";"CAP";70;73.1259622947356;-4.27476397799226
101;"SPIC";"FLE";70;72.0497896603954;-2.84496272654926
162;"TRIP";"LAS";70;78.4378622534613;-10.7573842670463
112;"SQUI";"MAN";70;83.1607302744871;-15.8256550069339
117;"SQUI";"MAN";70;104.496488485219;-33.0121030718638
156;"RAJA";"MIR";70;62.8851192368569;11.3140928243212
88;"LOPH";"PIS";70;45.5289969749671;53.7481707283991
101;"SCOM";"PNE";70;80.3997177703434;-12.9350177572135
132;"SCOM";"PNE";70;71.3144541107069;-1.84318049839707
125;"TRAC";"TRA";70;58.4997359422713;19.6586597742551
151;"PAGE";"BOG";72;69.4013349820129;3.74440206180566
104;"HELI";"DAC";73;74.4947801426541;-2.00655688867276
84;"EUTR";"GUR";73;66.4412789699854;9.87145511298406
116;"RAJA";"CIR";75;74.2419593702442;1.02104071092124
125;"SQUI";"MAN";75;55.0137999330898;36.3294302360832
134;"SQUI";"MAN";75;69.5973590632428;7.76270969110744
131;"MULL";"SUR";75;95.4069428021335;-21.3893687427506
162;"MULL";"SUR";75;69.3220770001551;8.1906417775569
138;"TRAC";"TRA";75;113.86305107168;-34.1313979433191
76;"PAGE";"ERY";76;89.9693490609653;-15.5267868521527
100;"SPIC";"FLE";77;87.8528024952905;-12.35339361641
84;"SARD";"PIL";78;97.5023688622664;-20.001943634637
100;"ILLE";"COI";79;71.614924456191;10.3122018209022
112;"PAGE";"ERY";79;89.7656433173897;-11.9930553823638
98;"ARIT";"ANT";80;107.704899287904;-25.7229703301115
93;"MULL";"BAR";80;96.9560762673843;-17.4884101339075
101;"BOOP";"BOO";80;74.608747336351;7.22603294670558
125;"BOOP";"BOO";80;78.0927270476258;2.44231828555693
95;"TRIS";"CAP";80;79.6274668647781;0.467845016160693
147;"TRIS";"CAP";80;81.3051536996199;-1.60525334524524
88;"ASPI";"CUC";80;68.5961027065583;16.6247014676993
156;"SPIC";"FLE";80;84.6034445487302;-5.44120227407375
157;"EUTR";"GUR";80;94.9745883960125;-15.7669421356937
117;"MERL";"MER";80;78.7815039575767;1.54667781295396
138;"MERL";"MER";80;73.5039800894678;8.83764376109346
101;"SPIC";"SMA";80;79.7426909286503;0.322674176596172
125;"MULL";"SUR";80;81.2894817243226;-1.586283608863
107;"TRIS";"CAP";82;90.295910220909;-9.18747061811883
105;"LOPH";"BUD";83;43.6966571223801;89.9458802249884
100;"MULL";"SUR";83;69.3220770001551;19.7309769004963
143;"HELI";"DAC";85;101.161696012256;-15.9761022692796
132;"TRIP";"LAS";85;77.0503150715436;10.3175242321526
97;"SCOM";"PNE";85;80.4679686989829;5.63209358244234
107;"PAPE";"LON";88;104.042129379986;-15.418878367432
154;"TRIS";"CAP";90;87.8553429582553;2.44112306608795
151;"HELI";"DAC";90;81.0313677263602;11.0680993364526
123;"SPIC";"FLE";90;87.5658302007793;2.7798169601538
161;"SPIC";"FLE";90;73.3895380482246;22.6332831538748
154;"SCOM";"PNE";90;89.0007282513424;1.12276805852147
143;"MULL";"SUR";90;81.2894817243226;10.7154309400291
162;"PHYI";"BLE";95;90.1197094601205;5.41534207013738
162;"LEPM";"BOS";95;83.0467431361723;14.3934083534473
117;"ILLE";"COI";95;93.3933414846212;1.72031377166576
162;"TRAC";"TRA";95;123.694177335815;-23.1976783013107
104;"OCTO";"VUL";97;125.061098836135;-22.4379116266222
152;"PAGE";"BOG";98;113.136882172015;-13.3792640219665
101;"TRIS";"CAP";100;117.486473204129;-14.8838183045525
148;"ASPI";"CUC";100;94.8616838256056;5.41664027790262
138;"PAPE";"LON";100;94.8417963967075;5.43874515168036
158;"SPIC";"SMA";100;84.369373038681;18.526423035232
83;"MULL";"SUR";100;103.048820850972;-2.95861789178691
80;"TRAC";"TRA";100;133.489124336274;-25.0875301660616
160;"TRAC";"TRA";100;119.228925132331;-16.1277350366021
135;"LOLI";"VUL";100;69.4088425591476;44.0738619359397
151;"ILLE";"COI";103;95.8977192977513;7.4060997010752
105;"SQUI";"MAN";103;92.7354594726165;11.0686252979794
138;"BOOP";"BOO";104;112.390851183145;-7.46577776999984
100;"TRAC";"TRA";106;106.296373463113;-0.278818038148636
85;"LEPM";"BOS";110;108.571128614621;1.31606938567484
132;"TRIS";"CAP";110;113.683590968003;-3.24021341746671
95;"ASPI";"CUC";110;116.559142295798;-5.62730830598606
158;"TRIP";"LAS";110;99.87816446544;10.1341825700675
158;"TORP";"MAR";110;90.9144238345021;20.9929022926446
135;"TRAC";"TRA";110;122.410862506296;-10.1386937827168
148;"MULL";"BAR";115;125.836196632639;-8.61135104414683
150;"PHYI";"BLE";115;102.510036339972;12.1841373839776
123;"SQUI";"MAN";115;122.115175659525;-5.82661051019799
105;"SCOM";"PNE";119;121.787602168119;-2.28890471484201
145;"PAGE";"ACA";120;144.085541465969;-16.7161404405436
132;"MULL";"BAR";120;179.853561661514;-33.2790527519044
134;"TRIS";"CAP";120;123.335918249859;-2.70474189286936
135;"TRIG";"LUC";120;102.046783851557;17.5931229489394
148;"MERL";"MER";120;114.737956998505;4.58613970402487
138;"SCOM";"PNE";120;128.137759834296;-6.3507898411989
132;"SPIC";"SMA";120;123.424917987278;-2.77489994980647
80;"PAGE";"ERY";124;132.677914204963;-6.54058684669815
95;"MULL";"BAR";125;138.805198200525;-9.94573573576185
88;"PAGE";"ERY";125;131.037984221238;-4.60781219821243
125;"SPIC";"FLE";125;132.589901867516;-5.72434383057288
121;"SQUI";"MAN";125;126.257351731169;-0.995864172603892
162;"SPIC";"SMA";125;129.312706898772;-3.33509908051636
133;"TRIP";"LAS";126;114.674608943369;9.87611046681131
100;"SQUI";"MAN";127;116.452554467849;9.05728996701634
150;"PAGE";"ACA";130;157.600475304951;-17.5129391275914
110;"MULL";"BAR";130;145.050673411929;-10.3761485954541
104;"ILLE";"COI";130;138.299933530103;-6.00140095388881
125;"ENGR";"ENC";130;135.155525203716;-3.81451309219127
129;"SARD";"PIL";130;134.174557980009;-3.11128878891545
154;"SARD";"PIL";130;143.368659604343;-9.32467363595155
126;"LOLI";"VUL";130;181.197029436879;-28.2548944626675
158;"ELED";"MOS";131;100.93601156327;29.7851955621262
105;"SCOM";"SCO";136;151.775465022006;-10.3939493907783
144;"PAGE";"BOG";140;140.666390585509;-0.473738312851773
80;"SQUI";"MAN";140;141.716952339854;-1.21153631340926
135;"MERL";"MER";140;137.370868358681;1.9138931512426
131;"SARD";"PIL";140;127.829297173145;9.52105901855174
145;"MULL";"SUR";140;149.945110968936;-6.63250098964329
101;"OCTO";"VUL";140;143.264101768832;-2.27838078662527
112;"LOLI";"VUL";143;139.501506971123;2.50785321595207
146;"PAGE";"ACA";145;144.085541465969;0.634663634343112
161;"MULL";"BAR";145;162.324596796725;-10.6728106144139
148;"TRIS";"CAP";145;128.216195100329;13.0902378490784
109;"DIPL";"ANN";147;180.954762342451;-18.764226982981
84;"PHYI";"BLE";150;129.795867305545;15.5660831996242
86;"PAGE";"BOG";150;172.371672813198;-12.9787409079929
83;"ASPI";"CUC";150;143.698556133093;4.38518245170891
158;"TRAC";"MED";150;180.748760081675;-17.0118788465165
101;"TRAC";"TRA";150;188.881584427742;-20.5851642686831
123;"OCTO";"VUL";150;212.136539565255;-29.2908235858826
134;"BOOP";"BOO";157;159.724593387985;-1.7058070583827
134;"MULL";"BAR";160;153.684271433433;4.10954778108376
101;"TRAC";"MED";160;154.454961089371;3.5900685038019
151;"NEPR";"NOR";160;171.821284941556;-6.87998867286827
135;"SCOM";"PNE";160;164.719810134986;-2.86535671156858
157;"TRAC";"TRA";160;224.036078692448;-28.58293140381
109;"OCTO";"VUL";163;163.247462129442;-0.151587121915636
151;"LEPM";"BOS";165;138.95586504418;18.7427388887398
112;"SPIC";"FLE";168;171.237900511203;-1.89087842208783
97;"BOOP";"BOO";170;187.115017846303;-9.14679005634977
121;"BOOP";"BOO";170;166.376163528622;2.17809834925907
117;"TRIG";"LUC";170;161.379861752422;5.34152040655646
80;"MERL";"MER";170;169.005478478307;0.588455197220518
125;"MERL";"MER";170;167.516100744273;1.48278239804485
88;"ELED";"MOS";170;196.487145058032;-13.48034501199
117;"SCOM";"SCO";170;138.798945576546;22.4793166070896
156;"MULL";"SUR";170;172.190584424797;-1.27218595146444
123;"TRIG";"LUC";175;185.310113204097;-5.56370779005559
109;"ELED";"MOS";175;196.487145058032;-10.9356492770485
150;"MULL";"SUR";175;181.128811354144;-3.38367557779692
126;"TRIS";"CAP";180;157.521558867362;14.2700728041716
88;"SPIC";"SMA";180;184.854483145252;-2.62611058312145
134;"OCTO";"VUL";182;144.964814758239;25.5477063889783
116;"TODA";"SAG";190;210.546390839543;-9.75860510247431
80;"PAGE";"ACA";193;211.265558731991;-8.64578156592106
160;"TRIS";"CAP";195;165.268216713546;17.990018817706
101;"PAGE";"ACA";200;213.342359349347;-6.25396634312957
88;"TRIS";"CAP";200;256.248513550541;-21.9507667658907
131;"TRIS";"CAP";200;196.041138444997;2.01940347133519
97;"TRAC";"TRA";200;251.504849469137;-20.4786705218014
123;"BOOP";"BOO";205;185.329778096217;10.6136326853914
76;"TRIP";"LAS";205;177.671236586053;15.3816475525632
100;"MERL";"MER";207;171.933410492671;20.3954481021731
86;"HELI";"DAC";210;213.467526418581;-1.62438122404691
85;"PAPE";"LON";210;205.728161032343;2.07644833173108
109;"SCOM";"SCO";210;223.476019141854;-6.03018578619819
156;"SPIC";"SMA";212;198.225000204598;6.94917380813917
109;"TRIG";"LUC";213;219.563185293835;-2.98920116551041
95;"LOPH";"BUD";215;186.315795122231;15.3954767275372
105;"LOLI";"VUL";215;233.03617236444;-7.73964495787972
156;"RAJA";"AST";220;200.472135540161;9.74093701711803
97;"TRIS";"CAP";220;206.552847819569;6.5102719823926
104;"TRIS";"CAP";220;192.092064981474;14.5284163722316
101;"CITH";"MAC";220;201.148231707753;9.37207756299648
104;"ELED";"MOS";220;251.180766283231;-12.4136759134143
150;"LEPM";"BOS";230;194.628026836437;18.1741415861392
100;"PAGE";"ERY";234;279.661269560996;-16.3273483069979
157;"PAGE";"ACA";240;276.122037334877;-13.0819103333896
145;"ELED";"CIR";240;143.556919869225;67.1810736944138
161;"ELED";"CIR";240;139.896148600276;71.5558308082872
84;"ENGR";"ENC";240;220.653121672137;8.76800571922549
117;"SPIC";"FLE";240;259.337157847139;-7.45637763892554
160;"ELED";"MOS";240;260.836827300319;-7.98845297881511
142;"TODA";"SAG";240;242.095378598052;-0.865517801366706
160;"SCOM";"SCO";240;236.887676423044;1.31383937904716
157;"PAPE";"LON";245;215.271289605052;13.8098816844036
158;"TRIS";"CAP";250;233.715912839055;6.96747044868923
121;"ENGR";"ENC";250;317.013711078002;-21.1390576294388
156;"TRIG";"LUC";250;233.724799621741;6.96340328651405
137;"ILLE";"COI";255;305.790893972405;-16.6096816398294
97;"SARD";"PIL";255;288.770766059001;-11.6946623510016
134;"SCOM";"PNE";255;252.966994454608;0.803664347507178
137;"SPIC";"SMA";255;252.26345597743;1.0847960565542
105;"TRAC";"TRA";256;339.354305237517;-24.5626190536103
107;"SARD";"PIL";258;311.051814413452;-17.055619660503
152;"LEPM";"BOS";260;216.103802972115;20.3125518497003
132;"LOPH";"BUD";260;307.267875149127;-15.3832792074949
129;"TRIS";"CAP";260;240.454232228614;8.12868527629126
160;"ILLE";"COI";260;249.508240251258;4.20497524978597
77;"PAGE";"BOG";270;263.719487695084;2.38151240160827
161;"TRIS";"CAP";270;343.712392944848;-21.4459514576409
84;"SPIC";"SMA";270;249.326873803557;8.29157558552286
107;"LOPH";"BUD";280;248.543317189617;12.6564186742482
83;"ELED";"CIR";280;273.854111272853;2.24421999676439
77;"PAPE";"LON";280;317.431471113976;-11.7919848912952
133;"SPIC";"SMA";280;279.101448258068;0.321944492778565
129;"MERL";"MER";290;285.771690173605;1.47961116226254
139;"OCTO";"VUL";290;335.128258378044;-13.4659663128546
158;"ASPI";"CUC";295;304.383315545767;-3.08272992195478
77;"LEPM";"BOS";300;246.609784207765;21.6496745916837
77;"ETMO";"SPI";300;236.247061169729;26.9857066219622
158;"TRAC";"TRA";305;393.274317061475;-22.4459908089234
147;"SARD";"PIL";310;372.415094419342;-16.7595501242122
160;"SARD";"PIL";310;334.434667794104;-7.30626042906166
105;"TRAC";"MED";313;220.17277625934;42.1610815459399
110;"LOPH";"BUD";315;291.805033827186;7.94878891176041
152;"LOPH";"BUD";315;379.586087482433;-17.0148721495021
150;"ASPI";"CUC";320;312.298220552046;2.46616180980457
88;"SARD";"PIL";320;320.127748040538;-0.039905331955859
105;"SARD";"PIL";320;380.198656520293;-15.8334742871665
76;"SPIC";"SMA";320;276.344268681786;15.7975888287677
158;"MULL";"SUR";320;287.475617930813;11.3137880364568
104;"ELED";"CIR";330;376.731262607001;-12.404402619421
139;"PHYI";"BLE";335;295.946704859298;13.1960567559855
110;"MERL";"MER";335;297.093707748432;12.7590357058878
135;"PAGE";"BOG";340;380.964846560363;-10.7529203626593
83;"PAPE";"LON";340;282.880317306859;20.1921728725931
104;"SCOM";"PNE";340;350.098253184749;-2.88440547557375
85;"MICM";"POU";340;292.445158172393;16.2611144341715
88;"TRAC";"TRA";340;351.737947590484;-3.33712858418974
117;"BOOP";"BOO";350;341.101331443761;2.60880499016945
142;"PAPE";"LON";350;351.003130985876;-0.285789754370258
131;"MERL";"MER";350;330.167505544765;6.00679779874524
154;"MERL";"MER";350;291.421208330146;20.101073633423
83;"LOPH";"BUD";355;299.544609375206;18.5132327169779
123;"DIPL";"ANN";360;419.670510990112;-14.2184188375147
123;"SARD";"PIL";360;175.00006874979;105.714204898237
129;"SCOM";"SCO";360;357.496929388549;0.70016562540327
157;"MULL";"SUR";360;316.501252120513;13.7436258428843
86;"RAJA";"CIR";370;409.409723594494;-9.62598622438381
117;"TRAC";"MED";370;361.807676758799;2.26427568220519
121;"OCTO";"VUL";370;359.136647671523;3.02485207202051
88;"BOOP";"BOO";375;305.426605171849;22.7790878888909
80;"TRAC";"MED";380;387.614785203007;-1.96452392780093
112;"SARD";"PIL";380;410.185139980888;-7.35890626907986
154;"OCTO";"VUL";380;450.502075385109;-15.6496671685343
146;"LEPM";"BOS";390;346.859174069567;12.4375623179512
98;"ARIS";"FOL";390;388.163885475685;0.4730255938325
135;"TRAC";"MED";390;424.178217099544;-8.05751349827634
134;"PALI";"ELE";400;NA;NA
125;"SARD";"PIL";400;398.280527509942;0.431723966222423
152;"TODA";"SAG";400;455.019665402871;-12.0917115426553
162;"LOPH";"BUD";405;392.809479720827;3.10341804577539
135;"PAGE";"ERY";405;493.847016472097;-17.9907974552109
93;"PAPE";"LON";407;360.494178706403;12.9005748332689
139;"PAGE";"ACA";410;455.268787123203;-9.94331006288647
100;"MULL";"BAR";410;407.270416689531;0.670213990168125
137;"MULL";"BAR";410;408.81745181188;0.2892606915089
142;"LEPM";"BOS";410;456.424681432125;-10.171378394012
139;"ILLE";"COI";410;456.324446083855;-10.1516468121329
145;"HELI";"DAC";410;442.836385687716;-7.41501528532294
138;"SCOM";"SCO";410;438.280229685721;-6.45254514583046
154;"TRAC";"TRA";420;484.140802183971;-13.2483777228918
151;"PAPE";"LON";430;472.777394050563;-9.04810479284213
158;"PHYI";"BLE";440;385.661435227306;14.0897066206963
158;"ELED";"CIR";440;581.244668605685;-24.3003809298601
76;"SCOM";"PNE";440;404.953169381595;8.65453915866978
84;"ASPI";"CUC";442;431.62505617891;2.40369359298481
110;"TRAC";"TRA";445;552.350650975177;-19.4352357122508
133;"TRAC";"MED";450;485.049161133403;-7.22589872158621
151;"ETMO";"SPI";450;328.590453260275;36.9485922476138
132;"SARD";"PIL";454;502.02910286095;-9.56699573535532
95;"ELED";"CIR";455;411.241336921544;10.6406285433324
112;"TRAC";"MED";455;419.476970917555;8.46840984017371
154;"TRAC";"MED";460;466.945484916429;-1.48742950532486
77;"TODA";"SAG";460;483.817278046862;-4.92278368871214
138;"ELED";"CIR";462;376.731262607001;22.6338363328106
117;"ELED";"MOS";470;341.372955933659;37.6793304304218
148;"TRAC";"TRA";470;519.453158115565;-9.52023437396506
84;"ELED";"CIR";480;471.79360485341;1.73940364222186
154;"ILLE";"COI";480;491.469369354869;-2.33368955829826
134;"SARD";"PIL";485;552.282311864958;-12.1825940138763
86;"MERL";"MER";489;533.643932311681;-8.36586525368875
147;"MULL";"BAR";490;507.411489633897;-3.43143385390415
137;"ENGR";"ENC";490;482.882171657869;1.47403005534324
107;"ELED";"CIR";492;421.760916602652;16.6537677229873
151;"ELED";"CIR";493;422.522795189539;16.6800952783731
95;"PAPE";"LON";495;465.680016300674;6.29616532232615
161;"BOOP";"BOO";500;491.488364181656;1.73180820516794
152;"MERL";"MER";500;533.643932311681;-6.30456569906826
109;"TRAC";"MED";503;504.861272988622;-0.368670184901299
150;"TRAC";"TRA";510;546.148527255965;-6.61880888658393
100;"LOLI";"VUL";513;604.228065181126;-15.0982833201862
126;"MERL";"MER";520;456.020836227554;14.0298772972121
142;"CHIM";"MON";520;421.085281364829;23.490424152221
101;"SARD";"PIL";520;586.341721383423;-11.3145148919124
147;"TRAC";"TRA";520;689.665045347521;-24.6010793923921
129;"LOLI";"VUL";520;780.144276834782;-33.3456624062212
156;"ELED";"CIR";525;472.471931108676;11.1177120655749
125;"ELED";"MOS";525;395.825146706017;32.634322091194
116;"PHYI";"BLE";530;542.188667433249;-2.24804909533634
134;"LOLI";"VUL";530;307.198919170399;72.5266486715785
139;"HELI";"DAC";535;842.043211974076;-36.4640683052652
86;"ETMO";"SPI";540;436.267931839143;23.7771471589859
85;"ARIS";"FOL";550;538.438510457234;2.14722560110865
152;"MICM";"POU";558;486.3205244332;14.7391425953782
129;"ELED";"CIR";565;480.182110276882;17.6636921509239
137;"ELED";"CIR";565;465.774698009304;21.3032829852673
77;"HELI";"DAC";570;548.889840154649;3.84597387326454
162;"TRIG";"LUC";570;591.63223807649;-3.65636567520737
93;"TRAC";"TRA";575;672.356520918561;-14.4798953962036
107;"ILLE";"COI";580;645.965294790152;-10.2118945587598
126;"TRAC";"MED";580;590.21771644769;-1.73117752364109
107;"MULL";"BAR";585;640.485548916795;-8.66304462460286
156;"SPAR";"PAG";585;602.517544646699;-2.90739162740417
117;"PAGE";"ERY";590;625.76359484261;-5.71519262823286
157;"RAJA";"MIR";590;511.847859210008;15.2686270702808
132;"ILLE";"COI";600;692.733203832421;-13.3865683526344
152;"ARIS";"FOL";600;587.459142049495;2.13476258225437
143;"PAGE";"BOG";610;550.386335749274;10.831239872547
98;"LOPH";"BUD";610;640.816011705423;-4.80887043121964
84;"ILLE";"COI";610;721.027426106228;-15.3985024821886
84;"PAPE";"LON";610;649.968620229331;-6.14931536467547
145;"CHIM";"MON";620;609.705019874547;1.688518183362
133;"MULL";"BAR";630;610.24521307731;3.23718834647989
84;"MULL";"BAR";640;695.158288707584;-7.93463727666004
109;"LOLI";"VUL";645;708.889231245548;-9.01258312716811
77;"MERL";"MER";650;637.9276848769;1.89242690187201
80;"OCTO";"VUL";650;602.029909051725;7.96805777039115
78;"CHIM";"MON";664;709.222205985663;-6.37630993558837
144;"TODA";"SAG";670;1171.85734331157;-42.8258052207418
156;"LOLI";"VUL";670;797.812397150106;-16.0203573680566
162;"ASPI";"CUC";675;636.852809762883;5.98995398188162
156;"TRIP";"LAS";680;661.958090523273;2.72553651583361
116;"GALU";"MEL";680;626.299488849869;8.57425434734844
86;"ARIS";"FOL";690;692.374837450892;-0.342998809667178
142;"MERL";"MER";700;661.961329974556;5.74635832985979
80;"LOLI";"VUL";700;816.07629559141;-14.2237063150192
98;"SCYM";"LIC";707;925.021773643376;-23.5693666738952
83;"MULL";"BAR";710;748.989291249232;-5.20558727671551
76;"ASPI";"CUC";720;612.338356008094;17.5820513177983
88;"ENGR";"ENC";720;640.23745050926;12.458276132909
145;"NEPR";"NOR";720;687.46092377675;4.73322556931492
76;"MULL";"BAR";730;670.616336243296;8.85508755861271
138;"SARD";"PIL";730;813.610998453951;-10.2765324722541
93;"ILLE";"COI";734;737.206907879624;-0.435007844520622
112;"SCOM";"PNE";740;715.254940340527;3.45961394516084
151;"TODA";"SAG";740;777.008629865014;-4.76296252609742
160;"LOLI";"VUL";750;985.260303121663;-23.8779845667458
97;"MERL";"MER";770;677.300446856072;13.6866221739888
76;"ENGR";"ENC";780;808.637196398834;-3.54141468217963
161;"MULL";"SUR";780;693.900055251078;12.4081190219488
161;"TRAC";"TRA";780;791.701843375383;-1.47806190844431
161;"PHYI";"BLE";800;734.251956937241;8.95442530885599
145;"MICM";"POU";800;671.914255441226;19.0628109943379
107;"MERL";"MER";806;786.071703062568;2.53517546297503
78;"ARIS";"FOL";820;835.572749175013;-1.86372152399517
150;"MULL";"BAR";822;926.492596829199;-11.2782980875197
158;"MULL";"BAR";830;897.047713955647;-7.47426395637211
84;"TRAC";"TRA";855;1033.09379109359;-17.2388792410675
133;"SARD";"PIL";860;947.414365321321;-9.22662443393227
145;"ETMO";"SPI";860;742.657582448052;15.8003392579859
146;"MULL";"BAR";880;979.71112291916;-10.1776044577364
148;"ELED";"CIR";880;746.250585928861;17.9228554848852
156;"PAGE";"ACA";900;1016.99452552132;-11.5039484073273
101;"MULL";"BAR";900;976.825736272202;-7.86483539688325
132;"ELED";"CIR";900;816.963731253702;10.1640091927791
133;"ILLE";"COI";900;849.149914059839;5.98835200925168
161;"ILLE";"COI";900;960.89786219546;-6.33759992517006
101;"MERL";"MER";900;773.157929993629;16.4057128674107
123;"ENGR";"ENC";910;1006.93958073204;-9.62714969070586
76;"SARD";"PIL";920;1049.06033934577;-12.3024705543873
104;"MERL";"MER";950;913.605710870079;3.98358818217773
137;"MERL";"MER";950;968.841162315784;-1.94471117130791
86;"TODA";"SAG";950;1086.17346466956;-12.5369905543576
134;"TRAC";"MED";960;968.358527780444;-0.863164575996668
158;"SEPI";"OFF";960;980.604120492956;-2.10116601209041
88;"MULL";"BAR";970;1020.99585381959;-4.99471703325883
109;"BOOP";"BOO";972;915.367534931565;6.18685532392947
84;"BOOP";"BOO";980;896.479463143379;9.31650308683793
85;"NEPR";"NOR";980;1028.46149762496;-4.71203810126839
104;"SCOM";"SCO";980;1017.08698453368;-3.64639259941817
162;"MULL";"BAR";990;1089.34309140991;-9.11954114303225
100;"TRAC";"MED";993;952.614864065863;4.23939804610738
86;"ARIT";"ANT";1000;1243.06695566016;-19.5538104004282
131;"ILLE";"COI";1000;1005.12741581326;-0.510125953445265
101;"LOLI";"VUL";1000;1098.35331557256;-8.95461543913904
150;"ILLE";"COI";1010;997.894761992698;1.21307761783709
139;"PAGE";"BOG";1020;1040.72250300467;-1.99116507472883
83;"ILLE";"COI";1020;1121.96936224968;-9.08842662559169
161;"ENGR";"ENC";1020;1082.27026676996;-5.75367065712772
78;"LOPH";"BUD";1030;943.943693833048;9.11667790453739
160;"TRAC";"MED";1030;1122.3386955163;-8.22734669001343
139;"MULL";"BAR";1040;1124.34758617516;-7.50191375089724
138;"ILLE";"COI";1050;1027.99157436951;2.14091498210893
98;"ETMO";"SPI";1060;937.918300236506;13.0162402986177
129;"ILLE";"COI";1070;1039.27355193652;2.95653131999988
80;"MULL";"BAR";1080;807.443389144827;33.7555071376386
148;"ILLE";"COI";1080;1154.52465715236;-6.45500784159706
100;"SARD";"PIL";1080;1324.35362187424;-18.4507836757697
77;"NEPR";"NOR";1100;1082.10537359092;1.65368612390248
144;"ETMO";"SPI";1100;932.572309183593;17.9533199911306
152;"ETMO";"SPI";1100;1183.80296571464;-7.07913125255994
139;"LEPM";"BOS";1120;1073.97592620866;4.28539156867412
95;"ILLE";"COI";1120;1104.56260167106;1.3976028434773
85;"LOPH";"BUD";1130;1086.85554970983;3.96965818518308
84;"LOPH";"BUD";1160;1122.32710531743;3.35667689963841
110;"ELED";"CIR";1160;1048.66918486916;10.6163904439254
126;"ENGR";"ENC";1160;1301.43596919179;-10.8676855826894
146;"MICM";"POU";1170;1082.15089963421;8.11800834758689
161;"SPIC";"SMA";1182;1158.50025201848;2.02846291492583
97;"ILLE";"COI";1200;1149.19478764307;4.42094002715851
80;"ENGR";"ENC";1200;1531.1145471831;-21.6257201521778
132;"MERL";"MER";1200;1228.23984809727;-2.29921282402778
154;"LOLI";"VUL";1220;1498.14999963666;-18.5662316659959
139;"MULL";"SUR";1230;1316.26389623497;-6.55369310680904
144;"CHIM";"MON";1252;1484.20090037331;-15.6448429801457
162;"ELED";"CIR";1255;902.362212544335;39.0794054264922
156;"SCOM";"PNE";1265;1248.15787018616;1.34935894057478
126;"ILLE";"COI";1270;1429.78083887865;-11.1751979418021
76;"OCTO";"VUL";1270;1548.59467064182;-17.9901607517709
158;"ENGR";"ENC";1300;1494.47552138082;-13.01296130974
134;"MERL";"MER";1300;1044.08172814249;24.511325594483
147;"ELED";"CIR";1305;937.589039572132;39.1867806598439
162;"MERL";"MER";1305;1425.05048324205;-8.42429686904377
151;"MICM";"POU";1319;1134.96995226539;16.214530381821
116;"ETMO";"SPI";1320;1050.27800468453;25.6810096100685
150;"LOPH";"BUD";1330;1040.54055805829;27.8181796663326
110;"ILLE";"COI";1330;1433.62700340391;-7.2283099549512
142;"PAGE";"BOG";1350;1307.20955065018;3.27341927149609
78;"ETMO";"SPI";1380;1094.81364553023;26.0488491017713
109;"SQUI";"MAN";1395;1411.77227798273;-1.18802998502659
157;"ASPI";"CUC";1400;1318.1223053963;6.21169175792724
151;"PHYI";"BLE";1410;1297.19374381879;8.69617639760762
88;"MERL";"MER";1410;1282.21144676098;9.96626208273478
137;"TRAC";"TRA";1410;1639.19497751337;-13.9821668964026
158;"MERL";"MER";1420;1320.00073783811;7.57569744435654
77;"PHYI";"BLE";1450;1477.74079518273;-1.87724364605498
85;"MERL";"MER";1450;1470.5128434927;-1.39494487133998
101;"PAGE";"ERY";1460;1646.72656137461;-11.3392572728493
105;"ILLE";"COI";1480;1518.68127508381;-2.54703048746524
80;"SARD";"PIL";1500;1918.36718693523;-21.8085041166498
142;"ETMO";"SPI";1510;1258.50726111501;19.9834158018426
158;"LOPH";"BUD";1520;1367.24302173401;11.1726281164157
146;"ELED";"CIR";1520;1384.86897205798;9.75767604506359
139;"TRAC";"TRA";1530;1610.69987525567;-5.01023663659653
125;"OCTO";"VUL";1540;1063.79474259763;44.7647688349683
125;"TRAC";"MED";1550;1712.10029943519;-9.46792074557004
76;"MERL";"MER";1550;1585.54780874956;-2.24198908121197
86;"SCYM";"LIC";1560;2279.89785482451;-31.5758819326546
145;"LEPM";"BOS";1580;1769.48579405263;-10.7085230460457
157;"ILLE";"COI";1600;1531.89035086717;4.44611777169792
157;"MERL";"MER";1600;1631.92147062468;-1.95606658771776
116;"CHIM";"MON";1600;1263.81132758517;26.6011757512256
116;"HELI";"DAC";1610;1629.03280798949;-1.16835019504495
161;"HELI";"DAC";1640;1491.7840268905;9.93548465714836
104;"SARD";"PIL";1650;1855.97649078272;-11.0980118447435
125;"PAGE";"ERY";1675;1850.39418853911;-9.47874726506702
156;"OCTO";"VUL";1680;1888.53755240697;-11.0422772446957
129;"TRAC";"MED";1700;1556.94388711787;9.1882638845097
121;"TRAC";"MED";1720;1898.68201838963;-9.41084482072367
135;"SARD";"PIL";1780;1977.58512820243;-9.99123250800491
98;"TODA";"SAG";1820;1992.58720910255;-8.6614632631455
88;"ILLE";"COI";1840;1991.4731396934;-7.60608499679382
146;"ENGR";"ENC";1850;1656.98578441019;11.6485136689639
161;"ZEUS";"FAB";1850;1280.11938585626;44.5177707985843
161;"MERL";"MER";1870;1825.74719078925;2.42381910452875
161;"PAGE";"ACA";1900;2000.35476594761;-5.01684839389303
104;"ENGR";"ENC";1900;2085.94835688565;-8.91433176050807
95;"MERL";"MER";1900;1684.68011965308;12.7810542687038
144;"MERL";"MER";1900;1907.92695734014;-0.415474885432371
157;"SARD";"PIL";1905;2256.03641471572;-15.5598736095736
77;"GALU";"MEL";1940;1741.20639605093;11.4170040036571
139;"RAJA";"CLA";1960;1637.26054605793;19.7121621674166
143;"ETMO";"SPI";1980;1552.7808231626;27.5131667305931
104;"LOLI";"VUL";1980;2315.89043118312;-14.5037272342598
117;"SARD";"PIL";2000;2190.53146877753;-8.69795624912251
85;"ETMO";"SPI";2000;1717.92174078989;16.4197386011551
152;"PHYI";"BLE";2050;2091.39980578936;-1.97952613721935
157;"LOPH";"BUD";2050;1841.43008154601;11.3265184784468
142;"HELI";"DAC";2050;2034.03078513534;0.785101925760359
93;"MERL";"MER";2050;2072.31371347914;-1.07675364661266
133;"MERL";"MER";2050;1839.23537560686;11.459361166517
98;"CHIM";"MON";2063;1910.93372696583;7.95769475876176
152;"HELI";"DAC";2190;2253.25192533341;-2.80713952231719
145;"TODA";"SAG";2190;2342.78333142439;-6.52144521326701
157;"MULL";"BAR";2200;2356.37080966957;-6.63608669008668
83;"TRAC";"TRA";2210;2698.5855208082;-18.1052450271012
146;"ILLE";"COI";2250;2637.98075463988;-14.70748996017
104;"TRAC";"TRA";2250;2316.92206961953;-2.8884039949827
135;"MULL";"BAR";2260;2339.26573067367;-3.38848766235884
131;"ENGR";"ENC";2300;2151.05289433018;6.92438136051502
154;"ENGR";"ENC";2300;1981.45946461659;16.0760561127624
77;"ELED";"CIR";2320;2742.20052977637;-15.3964133983594
76;"ILLE";"COI";2400;2538.67869972864;-5.46263297295035
139;"ELED";"CIR";2450;1774.66128880395;38.0545130192815
151;"GALU";"MEL";2490;2332.94314646884;6.73213377569375
78;"ARIT";"ANT";2500;3059.45295041686;-18.2860452336955
162;"ILLE";"COI";2500;3050.73490562292;-18.0525323458239
112;"ENGR";"ENC";2500;2789.31697949384;-10.3723234620091
98;"PHYI";"BLE";2530;2724.19653126977;-7.12858008005945
129;"ENGR";"ENC";2540;3004.44942784719;-15.458720108329
93;"LOPH";"BUD";2542;2307.72464223762;10.1517899265149
150;"MICM";"POU";2560;2594.87111326267;-1.34384760323712
121;"MULL";"BAR";2570;2615.39687639633;-1.73575478375885
144;"PHYI";"BLE";2600;2801.08576118008;-7.17885057169271
145;"PAPE";"LON";2640;2535.98976060317;4.10136669369251
142;"GALU";"MEL";2640;2452.84518042908;7.63011139325864
78;"PHYI";"BLE";2650;2880.25631941617;-7.99429959979539
132;"ENGR";"ENC";2650;2871.8356390622;-7.72452420482669
146;"MERL";"MER";2670;2448.79784714929;9.03309160893863
146;"RAJA";"CLA";2680;2112.28602851842;26.8767564532814
116;"PAGE";"BOG";2686;2726.91948676374;-1.50057553816176
144;"HELI";"DAC";2700;3109.32503281736;-13.1644337114049
143;"CHIM";"MON";2700;2369.34128735463;13.9557232387803
158;"OCTO";"VUL";2800;1479.00240050087;89.316798880906
152;"CHIM";"MON";2850;3287.92466780573;-13.3191819172058
147;"MERL";"MER";2900;2902.86059563962;-0.0985440239160224
121;"DIPL";"ANN";2920;3191.77002081989;-8.51471186981312
84;"MERL";"MER";2920;2577.84750016593;13.2727983254263
97;"ENGR";"ENC";2955;3299.24829538666;-10.4341433128275
158;"ILLE";"COI";3050;3061.39338343932;-0.372163326051321
83;"MERL";"MER";3070;2710.5277046692;13.2620778865889
160;"ENGR";"ENC";3200;3455.34325229093;-7.38980858476613
100;"ENGR";"ENC";3300;3732.85345505669;-11.595779482592
123;"PAGE";"ERY";3300;3727.06116160641;-11.4583888776953
86;"PHYI";"BLE";3350;4004.54963781289;-16.3451498174056
101;"ENGR";"ENC";3500;3617.27723219362;-3.24214110961307
148;"ENGR";"ENC";3500;3664.36832285418;-4.48558409996712
147;"ILLE";"COI";3550;4001.01487508618;-11.2725118293009
144;"GALU";"MEL";3600;4688.8551573614;-23.2221964812012
85;"PHYI";"BLE";3700;3890.98726467069;-4.90845257718565
142;"PHYI";"BLE";3750;2356.82026572708;59.1126847699232
161;"ASPI";"CUC";3800;3436.27209694647;10.5849563943656
76;"TRAC";"TRA";3900;4330.48483708579;-9.9408000092545
139;"MERL";"MER";3910;3608.87857232547;8.34390577681588
145;"MERL";"MER";4000;4653.11410204521;-14.0360646165574
83;"ENGR";"ENC";4100;4487.16272441756;-8.62823009093821
143;"PHYI";"BLE";4260;4446.88348920214;-4.20257219816817
150;"MERL";"MER";4275;4083.70525551906;4.68434258869205
156;"SARD";"PIL";4575;5202.83214837618;-12.0671228759923
95;"TRAC";"TRA";4690;5421.89780168362;-13.4989228579031
134;"ENGR";"ENC";4740;4967.66052629409;-4.58285192977807
105;"ENGR";"ENC";5000;5264.80944226671;-5.0298010815127
138;"ENGR";"ENC";5000;5812.33190147111;-13.976006794545
109;"SARD";"PIL";5020;5870.03782385834;-14.4809599080167
151;"MERL";"MER";5050;5048.38410003857;0.0320082610476623
109;"ENGR";"ENC";5100;5912.10811777887;-13.7363543020585
147;"ENGR";"ENC";5150;5575.9073735797;-7.63835094531477
152;"GALU";"MEL";5200;5663.72312978044;-8.18760238017528
93;"ASPI";"CUC";5400;5368.2238956981;0.591929564028813
145;"PHYI";"BLE";5900;5206.56345495623;13.318507515426
139;"MICM";"POU";5925;5595.37583263094;5.89101031331562
93;"ENGR";"ENC";6094;6005.01579109759;1.4818313889253
107;"ENGR";"ENC";6300;6467.5413499279;-2.59049522628513
95;"ENGR";"ENC";6500;6411.78594273661;1.37581101507795
84;"MICM";"POU";6700;7389.78542435318;-9.33430924908829
139;"ASPI";"CUC";7510;7327.45170327323;2.49129307321436
98;"GALU";"MEL";7757;8444.65862965446;-8.14311933509853
146;"ASPI";"CUC";8150;7542.69588815084;8.05155240055742
157;"ENGR";"ENC";9250;9824.58415561791;-5.84843232565061
110;"ENGR";"ENC";10100;10556.2054143509;-4.32167996400166
145;"GALU";"MEL";10290;11490.5980557836;-10.4485253940221
145;"PAGE";"BOG";10600;10582.720838796;0.163277114337867
143;"GALU";"MEL";10750;11916.2567412504;-9.78710652660899
133;"ENGR";"ENC";12000;11411.8892442603;5.15349161871277
78;"GALU";"MEL";12283;13160.2673743271;-6.66603002335991
85;"GALU";"MEL";15782;17010.5187971988;-7.222112457858
86;"GALU";"MEL";19609;20839.0029966033;-5.90240807971367
